	CLST	seed	type	mean_MAF	stdev_MAF	segregating_sites_count	singleton_count
0				0.010102724948988714	0.052713926690213554	3359444	1942975
1				0.00974938529968831	0.05179251548012368	3485721	2004444
