	CLST	seed	type	mean_MAF	stdev_MAF	segregating_sites_count	singleton_count
0				0.01015062590522866	0.05283485531996485	3343023	1928576
