	CLST	seed	type	mean_MAF	stdev_MAF	segregating_sites_count	singleton_count
0				0.0097389173783228	0.05177642423414426	3487572	2037413
