	CLST	seed	type	mean_MAF	stdev_MAF	segregating_sites_count	singleton_count
0				0.010102724948988714	0.052713926690213554	3359444	1942975
