	CLST	seed	type	mean_MAF	stdev_MAF	segregating_sites_count	singleton_count
0				0.008556891605916543	0.04827930611728921	4057392	2301046
1				0.009554298768152596	0.051286526653279874	3558841	2085868
