	CLST	seed	type	mean_MAF	stdev_MAF	segregating_sites_count	singleton_count
0				0.009554298768152596	0.051286526653279874	3558841	2085868
