	CLST	seed	type	mean_MAF	stdev_MAF	segregating_sites_count	singleton_count
0				0.01029910389097778	0.05320734951353516	1949114	1123885
1				0.009787701325840385	0.05188108921029281	2548483	1467342
