	CLST	seed	type	mean_MAF	stdev_MAF	segregating_sites_count	singleton_count
0				0.010013231120225572	0.05248843605098817	3390043	1968402
1				0.009686306178950022	0.051626579291457066	3508199	2027853
