	CLST	seed	type	mean_MAF	stdev_MAF	segregating_sites_count	singleton_count
0				0.008680308837119295	0.04879055429047417	3961113	2253084
