	CLST	seed	type	mean_MAF	stdev_MAF	segregating_sites_count	singleton_count
0				0.008657984035869265	0.048833767303667903	3949269	2381388
