	CLST	seed	type	mean_MAF	stdev_MAF	segregating_sites_count	singleton_count
0				0.009930509650362388	0.05227787362091685	3419355	1991327
