	CLST	seed	type	mean_MAF	stdev_MAF	segregating_sites_count	singleton_count
0				0.008743989411904293	0.048991426159740246	3924809	2234772
