	CLST	seed	type	mean_MAF	stdev_MAF	segregating_sites_count	singleton_count
0				0.008996501160040849	0.04972826280793189	3799853	2174167
