{"s": 0.01, "mu": 1e-09, "rho": 20.0, "r": 0.1, "sigma": 10.0, "time_limit": 1000000.0, "L": 100.0, "w": null, "n_side": 1, "sampling_scheme": "uniform", "sampled_p_flattened": [3e-05, 3.5e-05, 3.5e-05, 2e-05, 5e-06, 1.5e-05, 3e-05, 5e-06, 1.5e-05, 7e-05, 9e-05, 0.00012, 0.0002, 0.00056, 0.0007, 0.000655, 0.000475, 0.00022, 0.00024, 5e-06, 6.5e-05, 7.5e-05, 1e-05, 2e-05, 3e-05, 4.5e-05, 2e-05, 9e-05, 7.5e-05, 9.5e-05, 1e-05, 1e-05, 1.5e-05, 5e-06, 5e-06, 5e-06, 3.5e-05, 6.5e-05, 5e-06, 5e-06, 5e-06, 5e-06, 5e-06, 5e-06, 1.5e-05, 1.5e-05, 2.5e-05, 5e-06, 1e-05, 5e-06, 1.5e-05, 7e-05, 6.5e-05, 9.5e-05, 0.00013, 0.00018, 0.000215, 0.000415, 0.00035, 0.00053, 0.000175, 9e-05, 3e-05, 1.5e-05, 1e-05, 5e-06, 2e-05, 1e-05, 5e-06], "zero_samples": 99411, "centers": NaN, "burnin": 1000.0, "N": 200000.0, "theta": 0.0002, "seed": 2272862157}