{"s": 0.001, "mu": 1e-09, "rho": 2.5, "r": 0.1, "sigma": 10.0, "time_limit": 1000000.0, "L": 1000.0, "w": null, "n_side": 1, "sampling_scheme": "uniform", "sampled_p_flattened": [4e-07, 4e-07, 8e-07, 1.2e-06, 4e-07, 4e-07, 2.4e-06, 4.4e-06, 6.4e-06, 1.6e-05, 8.8e-06, 1.52e-05, 8.4e-06, 6e-06, 6.4e-06, 4e-07, 2.8e-06, 1.08e-05, 1.44e-05, 6.8e-06, 8.8e-06, 2.24e-05, 2.24e-05, 3.48e-05, 2.68e-05, 7.44e-05, 0.0001028, 0.0001028, 0.0001528, 0.0001512, 0.0001944, 0.0001956, 0.00021, 0.0002196, 0.0001864, 0.0002664, 0.000282, 0.0002064, 0.0002328, 0.0002292, 0.0002416, 0.0002076, 0.0002716, 0.0002652, 0.0003024, 0.0002668, 0.0002664, 0.0002656, 0.000274, 0.00025, 0.0001936, 0.0001536, 0.000242, 0.0002496, 0.0002536, 0.0002772, 0.0002312, 0.0004368, 0.0005436, 0.0005448, 0.0003136, 0.0003548, 0.0003092, 0.0002512, 0.0002484, 0.0002732, 0.0002932, 0.0003116, 0.0002928, 0.0002864, 0.0003048, 0.000334, 0.0002024, 0.0001692, 0.0001596, 0.0001, 7.32e-05, 7.4e-05, 0.0001564, 0.0001568, 0.0001772, 0.0002136, 0.0002416, 0.0002296, 0.0001596, 0.0001672, 0.0001516, 4.12e-05, 3.48e-05, 5.6e-05, 4.84e-05, 4.8e-05, 1.72e-05, 9.2e-06, 1.36e-05, 1.44e-05, 1.44e-05, 1.2e-05, 6.8e-06, 8e-06, 1.16e-05, 3.12e-05, 3.16e-05, 2.88e-05, 8.8e-06, 3.2e-06, 1.6e-06, 4e-07, 4e-07, 8e-07, 1.6e-06, 4e-07, 1.6e-06, 4e-07, 2.8e-06, 3.6e-06, 2.8e-06, 8e-07, 1.6e-06, 4.4e-06, 4e-06, 4e-07, 8e-07, 4.8e-06, 1.36e-05, 2e-06, 8e-07, 2.4e-06, 5.2e-06, 4e-07, 4.4e-06, 5.2e-06, 1.44e-05, 1.72e-05, 1.32e-05, 1.44e-05, 1.4e-05, 6.4e-06, 2.4e-06, 4e-07, 3.6e-06, 6.8e-06, 4e-07, 1.2e-06, 2e-06, 4e-07, 4e-07, 5.2e-06, 1.16e-05, 4e-05, 3.96e-05, 6.36e-05, 5.96e-05, 8.28e-05, 3.72e-05, 2e-05, 1.68e-05, 1.32e-05, 3.28e-05, 3.2e-05, 9.2e-06, 6.4e-06, 3.6e-06, 4e-07, 4e-07, 4e-07, 4e-07, 8e-07, 8e-07, 1.6e-06, 4e-07, 2.8e-06, 4e-07, 4e-07, 2.4e-06, 4e-07, 1.6e-06, 1.2e-06, 1.2e-06, 8e-07, 4e-07, 4e-07, 4e-07, 6.4e-06, 1e-05, 1.32e-05, 2.92e-05, 3.04e-05, 2.88e-05, 2.44e-05, 2.44e-05, 4e-07, 4.4e-06, 1e-05, 1.8e-05, 1.56e-05, 6.4e-06, 3.6e-06, 2.4e-06, 8e-07, 1.2e-06, 4e-07, 8e-07, 4e-07, 1.2e-06, 8e-07, 4e-07, 8e-07, 4e-07, 1.2e-06, 1.2e-06, 4e-07, 1.2e-06, 1.2e-06, 5.6e-06, 8e-07, 1.32e-05, 1.72e-05, 2.12e-05, 2.2e-05, 2.44e-05, 2.68e-05, 4.4e-05, 5.96e-05, 5.92e-05, 7.24e-05, 8.56e-05, 7.88e-05, 6.12e-05, 6.64e-05, 5.76e-05, 7.28e-05, 7e-05, 7.08e-05, 3.52e-05, 3.72e-05, 1.52e-05, 4e-07, 4e-07, 1.2e-06, 3.2e-06, 1.2e-06, 4e-07, 2.84e-05, 3.04e-05, 2.2e-05, 1.44e-05, 2.8e-05, 3.16e-05, 5e-05, 4.48e-05, 2.6e-05, 2.84e-05, 4.96e-05, 3.4e-05, 2.16e-05, 4.8e-06, 1.2e-06, 8e-07, 1.2e-06, 4e-07, 1.6e-06, 1.6e-06, 4e-06, 4e-07, 2e-06, 6.4e-06, 1e-05, 1.6e-06, 4e-07, 1.2e-06, 4e-07, 4e-07, 2.8e-06, 4.4e-06, 8e-07, 8e-07, 5.6e-06, 4e-07, 4e-07, 2.4e-06, 1.36e-05, 2.2e-05, 1.68e-05, 3.72e-05, 1.8e-05, 2.76e-05, 3.72e-05, 6.64e-05, 7.2e-05, 7.08e-05, 6e-05, 3.6e-05, 4.04e-05, 3.56e-05, 4.12e-05, 2.68e-05, 3e-05, 1.92e-05, 1.16e-05, 3.6e-06, 2.4e-06, 1.2e-06, 8.8e-06, 1.44e-05, 1.76e-05, 7.6e-06, 1.52e-05, 6.8e-06, 2.4e-06, 4.4e-06, 1.6e-06, 1.6e-06, 7.6e-06, 8.4e-06, 3.2e-06, 2.4e-06, 2e-06, 2e-06, 4e-07, 1.2e-06, 1.6e-06, 8e-07, 8e-07, 4e-07, 4e-07, 1.2e-06, 1.2e-06, 4e-07, 2e-06, 4e-07, 1.6e-06, 4e-07, 4e-07, 6e-06, 1.6e-06, 4e-07, 1.6e-06, 1.2e-06, 8e-06, 6.4e-06, 1.24e-05, 8e-07, 6.8e-06, 3.2e-06, 3.6e-06, 1.6e-06, 8e-07, 8e-07, 4e-07, 4e-07, 4e-07, 4e-07, 8e-07, 4e-07, 1.2e-06, 4e-07, 4e-07, 2e-06, 3.2e-06, 8e-07, 2e-06, 4e-07, 4e-07, 4e-07, 6.8e-06, 1.4e-05, 1.36e-05, 8.4e-06, 4e-07, 8.8e-06, 1.04e-05, 1.6e-05, 1.76e-05, 2.24e-05, 2.92e-05, 7.36e-05, 0.0001108, 9.92e-05, 8.64e-05, 9.32e-05, 9.12e-05, 8.84e-05, 8.44e-05, 3.04e-05, 2.4e-05, 3.28e-05, 1.64e-05, 1.6e-05, 4.4e-06, 3.2e-06, 1.72e-05, 1.88e-05, 2.24e-05, 9.4e-05, 5.72e-05, 7.44e-05, 6.36e-05, 5.64e-05, 5.56e-05, 7.12e-05, 8.8e-05, 7.04e-05, 7.04e-05, 7.56e-05, 6.24e-05, 9.56e-05, 0.0001432, 0.0001156, 0.0001208, 3.6e-05, 3.72e-05, 2.04e-05, 2.68e-05, 1.8e-05, 2.12e-05, 2.2e-05, 1.44e-05, 1.28e-05, 3.24e-05, 2e-05, 1.8e-05, 2.16e-05, 4.36e-05, 3.08e-05, 1.12e-05, 2.4e-06, 4e-06, 3.6e-06, 1.6e-06, 1.2e-06, 8e-07, 4e-07, 2e-06, 8e-07, 5.6e-06, 4e-06, 3.6e-06, 4e-07, 9.6e-06, 5.2e-06, 1.88e-05, 1.56e-05, 1.52e-05, 1.2e-05, 3.6e-06, 3.6e-06, 1.2e-06, 4e-07, 4e-07, 4e-07, 1.28e-05, 3.48e-05, 3.92e-05, 7.44e-05, 9.12e-05, 7.84e-05, 7e-05, 0.0001208, 0.0001268, 7.44e-05, 8.68e-05, 7.84e-05, 6.28e-05, 6.32e-05, 5.64e-05, 0.0001092, 0.0001528, 0.00015, 0.0001384, 0.0001192, 0.000118, 0.0001168, 0.0001072, 0.0001224, 7.4e-05, 4.4e-05, 6.52e-05, 5.52e-05, 7.36e-05, 2.92e-05, 5.88e-05, 7.08e-05, 2.44e-05, 2.52e-05, 2.32e-05, 3.2e-05, 2.56e-05, 4.4e-06, 1.24e-05, 1.44e-05, 1.84e-05, 3.52e-05, 7.2e-06, 7.6e-06, 1.84e-05, 2e-05, 1.28e-05, 1.08e-05, 1.04e-05, 9.2e-06, 4e-07, 1.6e-06, 8e-06, 1.6e-06, 4e-06, 3.2e-06, 9.6e-06, 8e-07, 1.2e-06, 4e-07, 8e-07, 5.2e-06, 5.6e-06, 2.4e-06, 1.6e-06, 1.2e-06, 4e-07, 4e-07, 4e-07, 4e-07, 8e-07, 4e-07, 1.2e-06, 8e-07, 8e-07, 8e-07, 4e-07, 4e-07, 4e-07, 4e-07, 4e-07, 8e-07, 8e-07, 1.2e-06, 4e-07, 1.6e-06, 2.4e-06, 4e-07, 1.2e-06, 1.2e-06, 8.8e-06, 1.24e-05, 1.2e-06, 4e-07, 3.2e-06, 1.04e-05, 1.76e-05, 1.44e-05, 1.8e-05, 4.76e-05, 6.92e-05, 5.32e-05, 9.28e-05, 8.6e-05, 8.76e-05, 8.48e-05, 0.000102, 5.32e-05, 4.84e-05, 5.44e-05, 3.04e-05, 4.2e-05, 4.04e-05, 2.8e-05, 5.2e-05, 4.12e-05, 2.68e-05, 1.2e-05, 2.4e-05, 1.2e-06, 8e-07, 4.4e-06, 2e-06, 4e-07, 1.6e-06, 9.2e-06, 1e-05, 4e-06, 4e-07, 1.04e-05, 1e-05, 1.08e-05, 1.2e-06, 4e-07, 4e-07, 8e-06, 6.8e-06, 2.8e-06, 7.2e-06, 5.6e-06, 2e-06, 4e-07, 4e-07, 4.8e-06, 4.8e-06, 3.6e-06, 1.6e-06, 4e-07, 4e-07, 8e-07, 8e-07, 8e-07, 8e-07, 4e-07, 4e-07, 4e-07, 8e-07, 4e-07, 4e-07, 4e-07, 2e-06, 4e-07, 4e-07, 4e-07, 1.2e-06, 5.6e-06, 3.2e-06, 4e-07, 4e-07, 1.2e-06, 4e-07, 4e-07, 1.2e-06, 8e-07, 2e-06, 3.6e-06, 9.6e-06, 9.6e-06, 9.2e-06, 1.72e-05, 1.68e-05, 1.44e-05, 3.64e-05, 3.56e-05, 5.36e-05, 5.56e-05, 6.68e-05, 6.48e-05, 6.8e-05, 6.4e-05, 6.88e-05, 6.88e-05, 6.8e-05, 6.08e-05, 6.48e-05, 2.64e-05, 1.88e-05, 8e-07, 8e-07, 2.4e-06, 5.48e-05, 3.48e-05, 3.88e-05, 3.88e-05, 4e-05, 3.44e-05, 1.72e-05, 3e-05, 3.44e-05, 4.92e-05, 4.72e-05, 4.2e-05, 5.36e-05, 6.16e-05, 3.68e-05, 8.68e-05, 0.0001912, 0.0002128, 0.0001808, 0.0001988, 0.0001732, 0.000186, 0.00022, 0.0002276, 0.0002484, 0.0002448, 0.0002228, 0.000224, 0.000248, 0.000194, 0.0002116, 0.0002144, 0.0001884, 0.0002092, 0.0002932, 0.0003176, 0.0002412, 0.0001888, 0.0002204, 0.0002204, 0.0001916, 0.0002108, 0.0002072, 0.000216, 0.0002324, 0.0002876, 0.000296, 0.0002908, 0.000326, 0.0004124, 0.000418, 0.0004664, 0.0004404, 0.0004752, 0.0005252, 0.0005324, 0.0004632, 0.0004672, 0.0005796, 0.000578, 0.0005136, 0.0004404, 0.000654, 0.0006532, 0.0006364, 0.0008648, 0.0008448, 0.0008392, 0.000876, 0.000826, 0.0008104, 0.0007248, 0.000696, 0.0007396, 0.0007256, 0.0007356, 0.000764, 0.0006768, 0.0006216, 0.0005784, 0.0005708, 0.0005708, 0.0005532, 0.0005612, 0.0006576, 0.0005988, 0.0005608, 0.0005876, 0.0006492, 0.0005656, 0.0004532, 0.0004448, 0.0005088, 0.000422, 0.0004708, 0.0004576, 0.0004396, 0.0004068, 0.000446, 0.0004248, 0.0004, 0.0004108, 0.000254, 0.0002264, 0.0002172, 0.0002288, 0.0002648, 0.00025, 0.0002432, 0.0002808, 0.0002684, 0.000248, 0.0002568, 0.0002668, 0.000286, 0.0002784, 0.0002948, 0.00029, 0.0002924, 0.0003796, 0.0004092, 0.0004244, 0.00033, 0.000288, 0.000324, 0.0002784, 0.0002376, 0.000238, 0.0002868, 0.000338, 0.0003348, 0.0003388, 0.000324, 0.0003068, 0.0003792, 0.0004232, 0.0004436, 0.0004344, 0.0004528, 0.0004556, 0.000492, 0.0003576, 0.0003708, 0.0003772, 0.0003956, 0.00042, 0.0004248, 0.000422, 0.0004124, 0.0004184, 0.0003712, 0.0003076, 0.0002976, 0.0002828, 0.0002484, 0.0002116, 0.0001824, 0.0001588, 0.0002204, 0.0002084, 0.0002096, 0.000196, 0.000198, 0.0001984, 0.0001848, 0.000184, 0.0001852, 0.0002124, 0.0002556, 0.0002848, 0.0002444, 0.0002464, 0.0002272, 0.000232, 0.0002532, 0.000206, 0.0003684, 0.000354, 0.00036, 0.0003056, 0.0003052, 0.0004588, 0.0004796, 0.00046, 0.000482, 0.0005372, 0.0005096, 0.00044, 