{"s": 0.001, "mu": 1e-09, "rho": 2.5, "r": 0.1, "sigma": 10.0, "time_limit": 1000000.0, "L": 1000.0, "w": null, "n_side": 1, "sampling_scheme": "uniform", "sampled_p_flattened": [8e-07, 3.6e-06, 4e-07, 4e-07, 1.08e-05, 9.6e-06, 4e-07, 2.8e-06, 4e-07, 4e-07, 1.6e-06, 3.6e-06, 2.4e-06, 4e-07, 4e-07, 8e-07, 1.6e-06, 3.2e-06, 4e-07, 1.2e-06, 1.6e-06, 2.4e-06, 2e-06, 5.6e-06, 1.08e-05, 1.44e-05, 3.04e-05, 5.36e-05, 5.24e-05, 7.24e-05, 7.92e-05, 6.84e-05, 4.52e-05, 1.88e-05, 1.68e-05, 1.8e-05, 1.92e-05, 1e-05, 2e-05, 2.4e-06, 8.8e-06, 8e-06, 9.6e-06, 1.6e-05, 1.68e-05, 9.2e-06, 1.16e-05, 1.6e-06, 1.6e-06, 8e-06, 2e-06, 4e-07, 3.2e-06, 8e-07, 4e-07, 2e-06, 1.6e-06, 4e-07, 2e-06, 2e-06, 2.8e-06, 1.8e-05, 4.8e-06, 1.04e-05, 1.36e-05, 1.2e-06, 1.2e-06, 1.6e-06, 3.6e-06, 4e-07, 8e-07, 4e-07, 1.04e-05, 1.6e-06, 2.4e-06, 2.4e-06, 1.6e-06, 8e-07, 2.8e-06, 1.2e-06, 4e-07, 4.4e-06, 6e-06, 1.44e-05, 1.64e-05, 3.84e-05, 5.2e-05, 5e-05, 3.8e-05, 3.32e-05, 3.52e-05, 3.96e-05, 8.24e-05, 9.6e-05, 0.0001312, 0.0001232, 0.0001596, 0.000186, 0.0001692, 0.0001148, 7.8e-05, 5.52e-05, 4.48e-05, 2.56e-05, 3.08e-05, 2.72e-05, 1.2e-05, 3.32e-05, 3.32e-05, 3.16e-05, 3.36e-05, 3.44e-05, 3.64e-05, 4.4e-05, 4.96e-05, 2.8e-06, 4e-07, 4e-07, 1.6e-06, 1.6e-06, 4e-07, 8e-07, 6.4e-06, 6.4e-06, 5.6e-06, 2.76e-05, 2.88e-05, 2.88e-05, 1.8e-05, 4.4e-06, 3.6e-06, 4e-07, 4e-07, 1.2e-06, 1.2e-06, 1.2e-06, 1.2e-06, 4e-07, 8e-07, 4.4e-06, 9.6e-06, 1.12e-05, 1.52e-05, 8.8e-06, 8e-06, 3.6e-06, 1.2e-06, 1.6e-06, 4e-07, 2e-06, 1.2e-06, 8e-07, 1e-05, 4.8e-06, 8.4e-06, 4e-07, 8e-07, 1.6e-06, 4e-07, 4e-07, 1.6e-06, 8e-07, 2.4e-06, 1.2e-06, 3.6e-06, 3.2e-06, 1.32e-05, 2.56e-05, 1.84e-05, 6.8e-06, 8e-06, 1.12e-05, 1.12e-05, 1.6e-06, 2.8e-06, 8e-06, 9.2e-06, 6.4e-06, 6.8e-06, 8.8e-06, 1.92e-05, 3e-05, 2.8e-05, 2.92e-05, 2.12e-05, 1.92e-05, 3.76e-05, 3.8e-05, 5.08e-05, 4.96e-05, 4.12e-05, 4.08e-05, 2.96e-05, 1.2e-06, 1.6e-06, 1.6e-06, 3.6e-06, 4e-07, 8e-07, 3.6e-06, 1.2e-06, 1.6e-06, 5.2e-06, 9.2e-06, 8e-07, 8e-07, 1.6e-06, 3.2e-06, 4e-07, 1.6e-06, 4e-06, 4e-07, 4e-07, 4e-07, 4.8e-06, 4e-07, 4e-07, 4e-07, 4e-07, 1.2e-06, 1.32e-05, 4.8e-06, 5.2e-06, 8.4e-06, 1.64e-05, 6.4e-06, 2.68e-05, 2.52e-05, 2.68e-05, 1.16e-05, 7.6e-06, 7.6e-06, 4.4e-06, 1.2e-05, 3.6e-06, 2.4e-06, 8e-07, 4e-07, 4e-07, 1.2e-06, 4e-07, 8e-07, 4e-07, 4e-07, 8e-07, 6e-06, 4e-07, 4e-07, 6.8e-06, 3.6e-06, 5.2e-06, 8.8e-06, 1.68e-05, 1.36e-05, 2.8e-06, 1.56e-05, 2.48e-05, 2.96e-05, 3.04e-05, 3.24e-05, 3.12e-05, 4.08e-05, 3.56e-05, 5.36e-05, 7.56e-05, 6.64e-05, 8.4e-05, 7.76e-05, 6.56e-05, 5.76e-05, 4.12e-05, 6.28e-05, 4.84e-05, 3.52e-05, 2.76e-05, 8e-07, 5.2e-06, 4.4e-06, 2e-06, 2e-06, 4e-07, 4e-07, 4e-07, 2.4e-06, 2.4e-06, 4e-07, 7.2e-06, 7.6e-06, 1.36e-05, 1.28e-05, 5.6e-06, 8e-07, 4e-07, 1.6e-06, 1.6e-06, 2e-06, 1.32e-05, 2.8e-06, 6e-06, 4.8e-06, 4e-06, 4e-06, 5.2e-06, 2.4e-06, 4e-07, 4e-07, 8e-07, 8e-07, 8e-07, 4e-07, 8e-07, 4e-07, 4e-07, 2.4e-06, 1.2e-06, 4e-07, 4e-07, 2e-06, 1.6e-06, 1.2e-06, 1.2e-06, 8e-07, 4e-07, 8e-07, 8e-07, 4e-07, 1.2e-06, 4e-07, 8.8e-06, 4e-07, 4e-07, 5.6e-06, 6e-06, 6.8e-06, 2.8e-06, 2.8e-06, 1.24e-05, 1.52e-05, 1.64e-05, 5.2e-06, 3.6e-05, 2.64e-05, 3.16e-05, 3.64e-05, 2.4e-05, 4e-07, 4e-07, 4e-07, 8e-07, 4.8e-06, 1.2e-06, 1.6e-06, 1.2e-06, 8.8e-06, 2.4e-05, 2.24e-05, 1.6e-05, 1.68e-05, 1.24e-05, 2.88e-05, 8.4e-05, 0.000106, 0.0001028, 0.0001016, 0.0001232, 0.0001444, 0.000142, 0.000134, 0.0001448, 0.0002052, 0.0001952, 0.0002656, 0.0002536, 0.0002788, 0.0002916, 0.000318, 0.0003192, 0.000328, 0.0003444, 0.0003636, 0.0005084, 0.0005, 0.000468, 0.0005052, 0.0004136, 0.0004352, 0.0004448, 0.0005024, 0.0004936, 0.0004584, 0.0005952, 0.0006832, 0.0005944, 0.0006004, 0.0006052, 0.000614, 0.000556, 0.0005044, 0.00049, 0.0005232, 0.0005464, 0.0005796, 0.0006092, 0.0006128, 0.0006064, 0.0006144, 0.000562, 0.0006524, 0.0006372, 0.0007056, 0.000786, 0.000912, 0.000736, 0.000864, 0.0008192, 0.0008452, 0.0008424, 0.0008088, 0.000808, 0.0007524, 0.0007528, 0.000586, 0.0005684, 0.0003792, 0.0004308, 0.0004832, 0.0004144, 0.000424, 0.0004172, 0.00046, 0.0004688, 0.0004768, 0.000492, 0.000454, 0.0004368, 0.0004296, 0.0004544, 0.0004456, 0.0004412, 0.0004144, 0.0005236, 0.0005272, 0.0005284, 0.000562, 0.00062, 0.000626, 0.0006308, 0.0005616, 0.0005364, 0.0004276, 0.0003576, 0.0003504, 0.0003488, 0.00032, 0.0003788, 0.0003584, 0.0003852, 0.0003792, 0.0004016, 0.0004084, 0.0004692, 0.000434, 0.0003184, 0.0003264, 0.000324, 0.000336, 0.0003752, 0.0003604, 0.0003264, 0.0002804, 0.0002444, 0.0002236, 0.0002768, 0.000286, 0.0002804, 0.0002124, 0.0002092, 0.0001632, 0.000108, 7.64e-05, 7.56e-05, 7.84e-05, 8.68e-05, 7.64e-05, 4.96e-05, 5.2e-05, 3.44e-05, 2.6e-05, 2.4e-05, 2e-05, 4.4e-06, 2.8e-06, 4e-06, 1.6e-06, 4e-07, 1.52e-05, 1.12e-05, 4.4e-06, 4e-07, 4e-07, 4e-07, 4e-07, 2.8e-06, 4e-07, 2.8e-06, 1.2e-06, 4e-07, 4e-07, 4e-07, 8e-07, 8e-07, 6.4e-06, 3.6e-06, 1.6e-06, 1.52e-05, 1.96e-05, 1.96e-05, 6e-06, 9.6e-06, 2.4e-06, 2.4e-06, 4e-07, 2.8e-06, 1.6e-06, 3.6e-06, 8e-07, 1.6e-06, 4.8e-06, 4.8e-06, 8e-07, 2e-06, 4e-07, 2.8e-06, 4e-07, 4e-07, 1.2e-06, 3.88e-05, 2.84e-05, 2.64e-05, 2.16e-05, 1.04e-05, 8.4e-06, 1.6e-05, 1e-05, 8e-07, 4e-07, 2e-06, 8.4e-06, 6.8e-06, 6.4e-06, 4e-07, 1.2e-06, 4e-07, 8e-07, 2.4e-06, 7.2e-06, 4.4e-06, 2.8e-06, 4.4e-06, 4.8e-06, 5.6e-06, 2.4e-06, 2.8e-06, 8e-07, 1.6e-06, 4e-07, 4e-07, 2.4e-06, 6.8e-06, 4e-07, 2e-06, 1.6e-06, 2.4e-06, 8e-06, 8.4e-06, 2.84e-05, 2.8e-05, 1.44e-05, 5.2e-06, 1.32e-05, 5.6e-06, 1.2e-06, 8e-07, 4e-07, 4.4e-06, 4e-07, 7.6e-06, 1.64e-05, 1.4e-05, 4.4e-06, 2.8e-06, 5.6e-06, 3.2e-06, 5.6e-06, 4e-06, 3.6e-06, 4e-07, 1.6e-06, 8e-07, 2e-06, 1.4e-05, 1.16e-05, 1.6e-06, 3.6e-06, 4e-07, 6e-06, 4e-07, 4e-07, 1.2e-06, 1.6e-06, 6e-06, 4.8e-06, 2.4e-06, 8e-07, 2.28e-05, 2.72e-05, 1.2e-06, 2e-06, 8e-07, 1.2e-06, 4e-07, 4e-07, 4e-07, 4e-06, 8e-06, 6.4e-06, 1.44e-05, 1.4e-05, 1.04e-05, 9.6e-06, 4e-07, 2.4e-06, 4e-07, 4e-05, 2.64e-05, 2.04e-05, 4e-07, 4e-07, 1.2e-06, 3.2e-06, 1.04e-05, 7.2e-06, 4e-07, 8e-07, 4e-07, 4e-07, 4e-07, 1.04e-05, 8e-07, 4e-07, 4e-07, 4e-07, 4e-07, 1.2e-06, 8e-06, 2e-06, 8.4e-06, 5.36e-05, 4.48e-05, 3.32e-05, 2.88e-05, 3.2e-05, 1.56e-05, 1.6e-05, 6e-06, 5.2e-06, 4e-07, 4e-07, 1.2e-06, 2e-06, 3.2e-06, 6e-06, 1.2e-06, 4e-07, 4.4e-06, 1.16e-05, 6e-06, 8e-07, 8e-07, 8e-07, 3.6e-06, 2.8e-06, 2.08e-05, 1.88e-05, 5.2e-06, 1.08e-05, 1.4e-05, 4e-07, 4e-07, 4e-07, 6.8e-06, 6.8e-06, 1.52e-05, 1.52e-05, 3.4e-05, 4.92e-05, 5.52e-05, 6.12e-05, 5.84e-05, 5.44e-05, 5.48e-05, 5.68e-05, 3e-05, 3.76e-05, 3.76e-05, 3.72e-05, 3.88e-05, 5.16e-05, 6.16e-05, 7.04e-05, 8.84e-05, 8.04e-05, 7.04e-05, 0.0001036, 0.0001772, 0.0001556, 0.0001784, 0.0001948, 0.0001352, 0.000104, 0.0001084, 0.0001324, 0.0001084, 3.48e-05, 6.44e-05, 4.04e-05, 3.4e-05, 1.96e-05, 1.6e-05, 1.32e-05, 6.4e-06, 3.2e-06, 1.6e-06, 8.8e-06, 8e-06, 1.6e-06, 4e-07, 4e-07, 8e-07, 8e-07, 1.2e-05, 5.2e-06, 4.4e-06, 4e-07, 4e-07, 4e-07, 4e-07, 4e-07, 4e-07, 4e-07, 4e-07, 6.8e-06, 3.2e-06, 8e-07, 4e-07, 6e-06, 4.4e-06, 5.2e-06, 4.4e-06, 4.8e-06, 4e-06, 8.8e-06, 4.8e-06, 1.24e-05, 1.04e-05, 6.8e-06, 6e-06, 8e-07, 2e-06, 4e-06, 1.6e-06, 1.28e-05, 1.16e-05, 3.24e-05, 3.76e-05, 3.96e-05, 2.12e-05, 1.6e-05, 8.8e-06, 8.4e-06, 1.4e-05, 1.36e-05, 1.04e-05, 6e-06, 4e-07, 2.4e-06, 8e-07, 1.6e-06, 1.32e-05, 2.76e-05, 9.2e-06, 7.6e-06, 1.52e-05, 9.2e-06, 8.8e-06, 7.2e-06, 1.32e-05, 5.04e-05, 7.08e-05, 6.04e-05, 1.24e-05, 1.4e-05, 1.16e-05, 9.2e-06, 6.8e-06, 7.2e-06, 4e-07, 2.8e-06, 4.8e-06, 2.4e-06, 1.76e-05, 8e-07, 8e-07, 1.2e-06, 8e-07, 8e-07, 1.2e-06, 4e-07, 1.6e-06, 1.2e-06, 1.2e-06, 2.4e-06, 1.12e-05, 8e-07, 5.6e-06, 4.4e-06, 1.6e-06, 4e-07, 4e-07, 8e-07, 5.6e-06, 2.8e-06, 2.8e-06, 4e-07, 4e-07, 4e-07, 4e-07, 4e-07, 4e-07, 4e-07, 4e-07, 1.2e-06, 3.6e-06, 1.6e-06, 1.2e-06, 8e-07, 9.2e-06, 6e-06, 6.8e-06, 8e-07, 8e-07, 4e-07, 1.04e-05, 8.8e-06, 1.24e-05, 2.6e-05, 2.6e-05, 7.2e-06, 8e-07, 1.2e-06, 8e-06, 1.12e-05, 7.2e-06, 5.6e-06, 2e-06, 5.2e-06, 2e-06, 3.6e-06, 8e-07, 8e-07, 4e-07, 8e-07, 2.4e-06, 4e-07, 4e-07, 4e-07, 4.4e-06, 4.4e-06, 1.6e-06, 2.8e-06,