{"s": 0.001, "mu": 1e-09, "rho": 20.0, "r": 0.1, "sigma": 10.0, "time_limit": 1000000.0, "L": 100.0, "w": null, "n_side": 1, "sampling_scheme": "uniform", "sampled_p_flattened": [5e-06, 1.5e-05, 0.00011, 0.000125, 0.00012, 0.000235, 0.00023, 0.000105, 1.5e-05, 1.5e-05, 1.5e-05, 1.5e-05, 4.5e-05, 4e-05, 3.5e-05, 5e-06, 0.00019, 0.000125, 3.5e-05, 9e-05, 1.5e-05, 5e-06, 1e-05, 4e-05, 3.5e-05, 3.5e-05, 6e-05, 5e-05, 3e-05, 8e-05, 2e-05, 6.5e-05, 6e-05, 3e-05, 2.5e-05, 5e-06, 1e-05, 2e-05, 1.5e-05, 1.5e-05, 5e-06, 1.5e-05, 1e-05, 1.5e-05, 5e-06, 1e-05, 5e-06, 1e-05, 5e-06, 5e-06, 0.00011, 0.000175, 0.00017, 0.0007, 0.000815, 0.00089, 0.00078, 0.00049, 0.00042, 0.000135, 5e-06, 5e-05, 4.5e-05, 4.5e-05, 5e-06, 2.5e-05, 3.5e-05, 1e-05, 5e-06, 5e-06, 1e-05, 1e-05, 4e-05, 5e-05, 4e-05, 5e-06, 5e-06, 1.5e-05, 2e-05, 2e-05, 1e-05, 1e-05, 1e-05, 5e-06, 1e-05, 5e-06, 4.5e-05, 5e-06, 1.5e-05, 1e-05, 1.5e-05, 8e-05, 0.00011, 7e-05, 2e-05, 5e-06, 5e-06, 5e-06, 1.5e-05], "zero_samples": 100630, "centers": NaN, "burnin": 10000.0, "N": 200000.0, "theta": 0.0002, "seed": 638549276}