{"s": 0.01, "mu": 1e-09, "rho": 20.0, "r": 0.1, "sigma": 10.0, "time_limit": 1000000.0, "L": 100.0, "w": null, "n_side": 1, "sampling_scheme": "uniform", "sampled_p_flattened": [1.5e-05, 0.0001, 0.000205, 0.000145, 4.5e-05, 3.5e-05, 6e-05, 5e-06, 5e-06, 1e-05, 3e-05, 4e-05, 9e-05, 0.0001, 8.5e-05, 2e-05, 5e-06, 5e-06, 5e-06, 5e-06, 0.00023, 2e-05, 5e-06, 5e-06, 2.5e-05, 5e-05, 6.5e-05, 1.5e-05, 5e-06, 5e-06, 2e-05, 2e-05, 6e-05, 0.000135, 5e-06, 2.5e-05, 5e-06, 5e-06, 5e-06, 5e-06, 5e-06, 5e-06, 1e-05, 5e-06, 5e-06, 5e-06, 5e-06, 2e-05, 1.5e-05, 1e-05, 1e-05, 4.5e-05, 0.00012, 0.000155, 0.00046, 0.00087, 0.00096, 0.00098, 0.000505, 0.000615, 0.000575, 0.000605, 0.000615, 0.000415, 0.00019, 0.000125, 0.00016, 0.00018, 0.000165, 0.000185, 0.0003, 0.00028, 0.000155, 0.00019, 0.000215, 0.00027, 0.0003, 0.000295, 0.000125, 3e-05, 3e-05, 3e-05, 5e-06, 1e-05, 7.5e-05, 5e-05, 8e-05, 0.00011, 5e-05, 0.000155, 3e-05, 2e-05, 1.5e-05, 2e-05, 1e-05, 5e-06, 0.000155, 5e-06, 5e-06, 5e-06, 1.5e-05, 6e-05, 1.5e-05, 5e-06, 4e-05, 0.00016, 0.00016, 1e-05, 1e-05, 5e-06, 5e-06, 5e-06, 3e-05, 3.5e-05], "zero_samples": 99831, "centers": NaN, "burnin": 1000.0, "N": 200000.0, "theta": 0.0002, "seed": 3169446266}