{"s": 0.001, "mu": 1e-09, "rho": 20.0, "r": 0.1, "sigma": 10.0, "time_limit": 1000000.0, "L": 100.0, "w": null, "n_side": 1, "sampling_scheme": "uniform", "sampled_p_flattened": [2e-05, 2.5e-05, 5e-06, 5e-06, 4.5e-05, 6.5e-05, 0.000105, 0.00011, 0.00017, 0.00034, 0.00032, 4.5e-05, 0.000125, 0.00025, 0.000205, 0.00025, 0.000355, 0.000375, 0.00023, 1.5e-05, 5e-06, 1e-05, 2e-05, 1.5e-05, 5e-05, 6e-05, 3e-05, 2.5e-05, 7e-05, 4e-05, 7.5e-05, 0.0002, 0.00015, 0.000505, 0.000925, 0.00063, 0.00057, 0.000975, 0.000765, 0.000905, 0.00086, 0.001025, 0.00154, 0.00167, 0.00167, 0.000965, 0.00065, 0.000615, 0.000425, 0.000735, 0.000445, 0.000455, 0.000315, 0.0003, 0.00025, 0.000205, 9e-05, 2e-05, 1.5e-05, 2e-05, 1.5e-05, 5e-06, 5e-06, 5e-06, 3e-05, 0.000105, 0.00027, 0.000355, 0.00031, 0.000315, 0.00045, 0.00038, 0.000695, 0.00051, 0.00057, 0.000415, 0.00055, 0.000515, 0.00048, 0.000325, 0.000355, 0.00034, 1e-05, 6.5e-05, 2e-05, 5e-06, 1.5e-05, 5e-06, 3.5e-05, 1.5e-05, 2e-05, 3.5e-05, 8e-05, 8.5e-05, 7.5e-05, 4.5e-05, 5e-06, 1e-05, 5e-06, 1e-05, 1.5e-05, 2.5e-05, 2e-05, 2.5e-05, 5e-05, 0.000265, 0.000275, 0.00053, 0.000885, 0.001025, 0.00094, 0.000765, 0.000415, 0.000435, 0.0003, 0.00029, 0.000215, 0.0001, 0.000115, 5.5e-05, 0.0001, 5e-06, 5e-06, 3e-05, 3.5e-05, 9e-05, 0.000545, 0.00099, 0.00088, 0.000805, 0.000685, 0.00125, 0.00122, 0.00131, 0.00094, 0.000925, 0.00113, 0.000995, 0.0008, 0.00111, 0.000575, 0.00057, 0.00055, 0.000675, 0.000645, 0.00073, 0.000755, 0.00068, 0.000765, 0.00078, 0.000985, 0.00089, 0.000155, 0.000385, 0.000225, 0.00019, 0.000195, 0.000375, 0.000335, 0.00035, 0.000385, 0.00031, 0.000235, 0.000405, 0.00072, 0.0007, 0.001145, 0.00072, 9e-05, 2.5e-05, 4e-05, 5e-06, 5e-06, 5e-06, 2.5e-05, 4.5e-05, 6e-05, 5e-06, 5e-06, 5e-06, 1e-05, 2.5e-05, 2.5e-05], "zero_samples": 99699, "centers": NaN, "burnin": 10000.0, "N": 200000.0, "theta": 0.0002, "seed": 3781294282}