{"s": 0.001, "mu": 1e-09, "rho": 20.0, "r": 0.1, "sigma": 10.0, "time_limit": 1000000.0, "L": 100.0, "w": null, "n_side": 1, "sampling_scheme": "uniform", "sampled_p_flattened": [5e-06, 5e-06, 2e-05, 1e-05, 1.5e-05, 5e-06, 5e-06, 5e-06, 1e-05, 1e-05, 5e-06, 5e-06, 1.5e-05, 1.5e-05, 5e-05, 3e-05, 3.5e-05, 7e-05, 4.5e-05, 0.00013, 5e-06, 8e-05, 8e-05, 5.5e-05, 0.000135, 8e-05, 3.5e-05, 1e-05, 5e-06, 1e-05, 1e-05, 5e-06, 2e-05, 2.5e-05, 0.0001, 5e-06, 5e-06, 5e-06, 5e-06, 3.5e-05, 5e-06, 1e-05, 1e-05, 7.5e-05, 5e-05, 5.5e-05, 5e-06, 5.5e-05, 3.5e-05, 2e-05, 1.5e-05, 5e-06, 1e-05, 1.5e-05, 2e-05, 7e-05, 0.00011, 0.00034, 7e-05, 6.5e-05, 5e-06, 0.00019, 0.000155, 0.0002, 0.00041, 0.000555, 0.00027, 0.00053, 0.000455, 0.000255, 0.000225, 0.000235, 0.000305, 0.000945, 0.001095, 0.00129, 0.00074, 0.00056, 0.00041, 0.0005, 0.000365, 0.000395, 0.00063, 0.000735, 0.00062, 0.001055, 0.000795, 0.000865, 0.000855, 0.00111, 0.001205, 0.001305, 0.000515, 0.000655, 0.00012, 0.000135, 0.000175, 0.000175, 0.000235, 0.000175, 0.000255, 0.000125, 0.000165, 0.00017, 0.00012, 1e-05, 1.5e-05, 1e-05, 5e-06], "zero_samples": 99972, "centers": NaN, "burnin": 10000.0, "N": 200000.0, "theta": 0.0002, "seed": 2099054180}