{"s": 0.001, "mu": 1e-09, "rho": 20.0, "r": 0.1, "sigma": 10.0, "time_limit": 1000000.0, "L": 100.0, "w": null, "n_side": 1, "sampling_scheme": "uniform", "sampled_p_flattened": [2.5e-05, 5e-06, 5e-06, 1e-05, 1.5e-05, 1e-05, 5e-06, 1.5e-05, 3.5e-05, 7e-05, 1e-05, 6e-05, 5e-05, 5e-06, 4e-05, 7e-05, 0.000165, 0.00013, 5e-06, 5e-06, 1.5e-05, 3e-05, 5e-05, 5e-06, 0.000105, 7.5e-05, 0.000415, 0.000265, 0.00032, 0.00068, 0.00063, 0.00045, 0.000125, 0.000205, 0.00017, 0.000225, 0.00067, 0.00141, 0.001855, 0.00155, 0.001505, 0.00148, 0.001005, 0.000615, 0.00087, 0.000305, 0.000375, 0.000325, 0.0002, 0.000245, 0.000385, 0.000105, 0.000275, 0.000275, 0.00026, 0.000105, 0.000105, 0.000225, 0.000315, 0.00034, 0.000345, 0.000515, 0.000285, 0.00014, 5e-06, 1.5e-05, 6.5e-05, 5e-06, 1e-05, 2e-05, 7e-05, 2e-05, 0.00013, 0.000145, 0.000295, 0.000375, 0.00016, 0.000155, 5e-05, 1e-05, 1e-05, 5.5e-05, 0.000105, 0.000135, 0.00021, 0.000295, 0.00025, 0.000205, 0.00024, 7e-05, 0.000125, 5e-06, 1e-05, 3e-05, 0.00032, 0.00031, 0.00017, 5.5e-05, 2.5e-05, 5e-06, 5e-06, 5e-05, 3.5e-05, 3e-05, 5e-06, 1.5e-05, 5e-06, 5e-06, 2.5e-05, 8.5e-05, 5.5e-05, 0.00018, 0.000335, 0.00034, 0.00058, 0.00072, 0.000725, 0.000835, 0.000925, 0.001105, 0.00115, 0.00155, 0.00178, 0.001525, 0.00155, 0.001525, 0.00146, 0.001675, 0.001495, 0.000885, 0.00062, 0.001015, 0.00104, 0.001465, 0.001475, 0.001425, 0.00146, 0.00126, 0.00147, 0.00133, 0.00153, 0.00029, 0.000305, 0.00031, 0.00023, 0.000365, 9.5e-05, 0.000195, 0.00016, 2e-05, 7e-05, 5e-06, 2.5e-05, 5e-06, 1e-05, 1.5e-05, 2.5e-05, 1e-05, 1.5e-05, 2e-05, 1.5e-05, 5e-06, 5e-06, 8e-05, 8.5e-05, 6.5e-05], "zero_samples": 99794, "centers": NaN, "burnin": 10000.0, "N": 200000.0, "theta": 0.0002, "seed": 2923548836}