{"s": 0.01, "mu": 1e-09, "rho": 20.0, "r": 0.1, "sigma": 10.0, "time_limit": 1000000.0, "L": 100.0, "w": null, "n_side": 1, "sampling_scheme": "uniform", "sampled_p_flattened": [5.5e-05, 4.5e-05, 0.00013, 0.000105, 7.5e-05, 4.5e-05, 1.5e-05, 5e-06, 1e-05, 2e-05, 2.5e-05, 7e-05, 5e-06, 5e-06, 1e-05, 5e-06, 5e-06, 5e-06, 5e-06, 2e-05, 5e-06, 5e-06, 1.5e-05, 1e-05, 0.000105, 0.000185, 0.00026, 0.000435, 0.0005, 0.00049, 0.00044, 0.00037, 0.00017, 0.000325, 0.000275, 0.000175, 0.00033, 0.000445, 0.00065, 0.000575, 0.000645, 0.00061, 0.000375, 0.00015, 0.00019, 0.00021, 5e-05, 3e-05, 4e-05, 7.5e-05, 1e-05, 1.5e-05, 3e-05, 5e-06, 2e-05, 6.5e-05, 0.000145, 0.00016, 9e-05, 0.00014, 0.000115, 0.00013, 0.000135, 7e-05, 5e-06, 1e-05, 5e-06, 5e-06, 1.5e-05, 5e-06, 2e-05, 5e-06, 5e-06, 5e-06, 3e-05, 7.5e-05, 3e-05, 5e-06, 4e-05, 2e-05, 1e-05, 0.000115, 0.00012, 0.00014, 0.0001, 5.5e-05, 3e-05, 6e-05, 0.000115, 0.000125, 0.00014, 0.000125, 0.000125, 0.000135, 0.000285, 0.00035, 0.00058, 0.000165, 0.000175, 6.5e-05, 6.5e-05, 0.000185, 0.000185, 0.00021, 5e-06, 5e-06, 5e-06, 2.5e-05, 1e-05, 2e-05, 5e-06, 5e-06, 1.5e-05], "zero_samples": 99699, "centers": NaN, "burnin": 1000.0, "N": 200000.0, "theta": 0.0002, "seed": 2649020448}