{"s": 0.01, "mu": 1e-09, "rho": 20.0, "r": 0.1, "sigma": 10.0, "time_limit": 1000000.0, "L": 100.0, "w": null, "n_side": 1, "sampling_scheme": "uniform", "sampled_p_flattened": [5e-06, 2.5e-05, 5e-06, 5e-06, 5e-06, 5e-06, 1e-05, 3.5e-05, 1.5e-05, 1e-05, 0.000145, 0.00021, 0.000145, 0.000135, 8e-05, 9.5e-05, 7.5e-05, 5e-06, 5e-06, 7.5e-05, 2e-05, 5e-06, 2e-05, 0.000135, 0.000105, 0.0002, 0.000125, 0.000105, 5e-06, 5e-06, 2e-05, 1.5e-05, 1.5e-05, 5e-06, 2e-05, 5e-06, 1e-05, 2e-05, 1.5e-05, 5e-06, 1.5e-05, 5e-06, 1.5e-05, 5e-06, 1e-05, 3.5e-05, 3.5e-05, 3.5e-05, 9e-05, 2.5e-05, 1e-05, 1e-05, 1e-05, 6.5e-05, 4e-05, 9.5e-05, 1e-05, 1.5e-05, 2e-05, 2.5e-05, 5e-06, 0.000205, 0.00021, 6e-05, 6.5e-05, 1e-05, 1.5e-05, 8e-05, 0.000125, 5.5e-05, 1e-05, 5e-06, 5e-06, 1.5e-05, 5e-06, 1e-05, 5e-06, 5e-06, 3.5e-05, 4e-05, 5e-06, 5e-06, 5e-06, 1e-05, 3.5e-05, 4e-05, 0.000105, 0.0001, 0.00016, 0.000235, 0.000395, 0.00049, 0.000195, 0.000195, 0.00026, 0.000235, 0.000145, 1e-05, 5e-06, 1.5e-05, 5e-06, 5e-06, 1e-05, 2.5e-05, 3e-05], "zero_samples": 98855, "centers": NaN, "burnin": 1000.0, "N": 200000.0, "theta": 0.0002, "seed": 1560212846}