{"s": 0.001, "mu": 1e-09, "rho": 20.0, "r": 0.1, "sigma": 10.0, "time_limit": 1000000.0, "L": 100.0, "w": null, "n_side": 1, "sampling_scheme": "uniform", "sampled_p_flattened": [0.00012, 5e-05, 4.5e-05, 4e-05, 0.00011, 1e-05, 5e-06, 5e-06, 5e-06, 5e-06, 5e-06, 4e-05, 2.5e-05, 9.5e-05, 7.5e-05, 5e-06, 5e-06, 3e-05, 1.5e-05, 5e-06, 5e-06, 4e-05, 5.5e-05, 4.5e-05, 0.00013, 0.00045, 0.000785, 0.000515, 0.000475, 0.000905, 0.00077, 0.000885, 0.001135, 0.000135, 6.5e-05, 2.5e-05, 5e-06, 1.5e-05, 5e-06, 0.000125, 5e-05, 7.5e-05, 4e-05, 4.5e-05, 5e-05, 1e-05, 0.000105, 5e-06, 3e-05, 6.5e-05, 8.5e-05, 7.5e-05, 4e-05, 5e-06, 0.00015, 0.00016, 0.000385, 0.000295, 5e-06, 5e-06, 2.5e-05, 2e-05, 1.5e-05, 2e-05, 1e-05, 0.00011, 6.5e-05, 6.5e-05, 7.5e-05, 8e-05, 8e-05, 5.5e-05, 6e-05, 4e-05, 1.5e-05, 2.5e-05, 0.000175, 0.00014, 0.00024, 0.00024, 0.00029, 0.000385, 0.00056, 4e-05, 0.00017, 0.000795, 0.00086, 0.00074, 0.00026, 0.000115, 0.0001, 0.000105, 8.5e-05, 9.5e-05, 9.5e-05, 8e-05, 0.00013, 7.5e-05, 1e-05, 1e-05, 1e-05, 5e-06, 1.5e-05, 1e-05, 1e-05, 1e-05, 1.5e-05, 1.5e-05, 5e-05, 5.5e-05, 2.5e-05, 1.5e-05, 7e-05, 5.5e-05, 1.5e-05, 1.5e-05, 5e-06, 1.5e-05, 1.5e-05, 5e-06, 0.000335, 0.000555, 0.00023, 0.00029, 5e-06, 0.00018, 0.000145, 0.000105, 0.000115, 0.000105, 0.00011, 2.5e-05, 5e-06, 5e-06, 1.5e-05, 1e-05, 1e-05, 1e-05, 9e-05, 3e-05, 5e-06, 2e-05, 5e-06, 1.5e-05, 2e-05], "zero_samples": 99830, "centers": NaN, "burnin": 10000.0, "N": 200000.0, "theta": 0.0002, "seed": 4049852620}