{"s": 0.001, "mu": 1e-09, "rho": 2.5, "r": 0.1, "sigma": 10.0, "time_limit": 1000000.0, "L": 1000.0, "w": null, "n_side": 1, "sampling_scheme": "uniform", "sampled_p_flattened": [4e-07, 8e-07, 4e-07, 4e-07, 3.2e-06, 4e-06, 1.6e-06, 5.2e-06, 4e-06, 5.6e-06, 1.2e-05, 1.16e-05, 2.36e-05, 1e-05, 1.24e-05, 7.6e-06, 1.2e-06, 2.4e-06, 2.4e-06, 8e-07, 8e-07, 8e-07, 1.6e-06, 2e-06, 4e-07, 4e-07, 4e-07, 3.2e-06, 1.6e-06, 2.4e-06, 1e-05, 2.76e-05, 2.2e-05, 2.92e-05, 6.4e-06, 1.32e-05, 1.16e-05, 1.64e-05, 1.36e-05, 1.28e-05, 7.6e-06, 4e-07, 8e-07, 8e-07, 1.2e-06, 8e-07, 1.6e-06, 5.2e-06, 8e-07, 4e-07, 4e-07, 4e-07, 4e-07, 4e-07, 4e-07, 1.44e-05, 2e-05, 3.48e-05, 4.32e-05, 7.44e-05, 6.24e-05, 6.24e-05, 4.24e-05, 3.68e-05, 3.6e-05, 4.04e-05, 4.04e-05, 1.64e-05, 1.72e-05, 2e-06, 4e-07, 1.2e-06, 8e-07, 2.8e-06, 4e-07, 4e-07, 8e-07, 4e-06, 3.6e-06, 2.8e-06, 2e-06, 6.4e-06, 2.8e-06, 8e-06, 3.6e-06, 4.4e-06, 1.6e-05, 2.12e-05, 8e-07, 4e-07, 1.6e-06, 2.8e-06, 1.68e-05, 4e-07, 4e-07, 4e-07, 1.6e-06, 4e-07, 8e-07, 4e-07, 1.2e-06, 8e-07, 4e-07, 8e-07, 3.2e-06, 4.4e-06, 8e-07, 8e-07, 5.6e-06, 8.8e-06, 9.2e-06, 2e-05, 1.44e-05, 4e-07, 3.6e-06, 4e-06, 1.6e-06, 2e-06, 2.8e-06, 6e-06, 2.12e-05, 2.76e-05, 3.56e-05, 2.96e-05, 6e-06, 2.8e-06, 8e-07, 1.2e-06, 1.2e-06, 1.8e-05, 1.2e-06, 4.4e-06, 6e-06, 1.6e-06, 2e-06, 1.6e-06, 5.2e-06, 6.8e-06, 3.6e-06, 2e-06, 7.6e-06, 4.8e-06, 4e-07, 3.6e-06, 1.28e-05, 2.4e-06, 5.6e-06, 2.8e-06, 2e-06, 8e-07, 4e-07, 4e-07, 1.6e-06, 1.6e-06, 4e-06, 5.6e-06, 6.8e-06, 1.2e-06, 8e-07, 4e-07, 1.6e-06, 1.2e-06, 4e-07, 1.6e-06, 1.36e-05, 2.24e-05, 1.6e-05, 2.2e-05, 2.96e-05, 1.92e-05, 2.4e-05, 2.04e-05, 1.88e-05, 1.2e-05, 1.48e-05, 1.04e-05, 5.92e-05, 9.92e-05, 0.0001236, 0.0001056, 6.68e-05, 7.04e-05, 8.48e-05, 8.72e-05, 7.44e-05, 5.72e-05, 5.92e-05, 5.84e-05, 5.28e-05, 3.6e-05, 1.84e-05, 2.2e-05, 2.36e-05, 1.44e-05, 5.6e-06, 4e-06, 6.8e-06, 1.28e-05, 3.52e-05, 1.68e-05, 1.2e-05, 1.2e-05, 1.6e-06, 4e-07, 2e-06, 2e-06, 8e-07, 1.2e-06, 4.4e-06, 8e-07, 4e-07, 6.8e-06, 2.4e-06, 2.8e-06, 9.2e-06, 4e-07, 1.6e-06, 1.6e-06, 1.04e-05, 4e-07, 4e-07, 4.8e-06, 4.8e-06, 6.8e-06, 8e-06, 2.4e-06, 1.2e-06, 1.6e-06, 5.6e-06, 4e-07, 8e-07, 1.6e-06, 8e-07, 8e-07, 2e-06, 2e-06, 2.4e-06, 3.6e-06, 1.6e-06, 4e-07, 8e-07, 1.6e-06, 2.8e-06, 4e-07, 9.6e-06, 4e-07, 2.8e-06, 1.2e-06, 4e-07, 2.4e-06, 8e-07, 8e-07, 1.6e-06, 8e-07, 3.2e-06, 3.2e-06, 8e-07, 1.6e-06, 4.4e-06, 3.24e-05, 5.76e-05, 5.4e-05, 5.2e-05, 7.36e-05, 2.32e-05, 2.2e-05, 0.0001256, 9.04e-05, 9.72e-05, 0.0001628, 0.000158, 0.0001456, 0.000156, 0.0001444, 0.0001504, 0.0001988, 0.000194, 0.0001488, 0.0001396, 0.0001396, 0.0001372, 0.00012, 0.000108, 0.0001056, 8.76e-05, 8.76e-05, 7.48e-05, 8.28e-05, 8.4e-05, 8.16e-05, 9.92e-05, 0.0001072, 0.0001036, 0.00013, 0.0001268, 0.0001252, 0.0001432, 0.0001356, 0.0001508, 0.0001792, 0.0001992, 0.0001704, 0.000194, 0.00021, 0.000354, 0.0003124, 0.0002388, 0.00023, 0.0002128, 0.0002336, 0.0003256, 0.0002692, 0.0003972, 0.0004424, 0.0003504, 0.000356, 0.0002636, 0.0001596, 0.0001816, 0.00012, 0.0001004, 0.0001592, 0.0001688, 0.0001052, 9.96e-05, 0.0001176, 9.96e-05, 0.0001052, 8.72e-05, 9.64e-05, 8e-05, 0.0001044, 0.000102, 8.64e-05, 9.68e-05, 0.0001036, 0.0001164, 0.0001604, 0.0001788, 0.0001868, 0.0001648, 0.0001112, 0.0001064, 9.96e-05, 0.0001296, 0.000142, 0.0001672, 0.000154, 0.0001776, 0.0001724, 0.0001212, 0.0001084, 0.0001132, 0.0001384, 0.0001336, 0.000122, 0.0001572, 0.0002264, 0.0001404, 0.0001484, 0.000182, 0.0001344, 0.000132, 0.0001372, 0.0001368, 0.0001272, 0.0001032, 7.8e-05, 0.000102, 0.0001108, 6.4e-05, 5.48e-05, 5.12e-05, 5.04e-05, 4.12e-05, 9.6e-06, 4e-06, 1.24e-05, 1e-05, 4e-07, 8e-07, 8e-07, 4.8e-06, 4.4e-06, 1.2e-06, 1.2e-06, 4e-07, 4e-07, 1.6e-06, 8e-07, 4e-07, 1.2e-06, 8e-07, 4e-07, 2.52e-05, 2.48e-05, 3e-05, 2.2e-05, 3.2e-05, 2.24e-05, 3.96e-05, 2.48e-05, 1.4e-05, 6.8e-06, 1e-05, 4e-06, 6.8e-06, 1.6e-06, 3.6e-06, 4e-07, 2.4e-06, 2e-06, 2.8e-06, 1.2e-06, 4e-07, 8e-07, 8e-07, 2.4e-06, 4e-07, 4e-07, 1.6e-06, 1.2e-06, 1.2e-06, 2.4e-06, 3.2e-06, 2.4e-06, 4e-07, 3.6e-06, 2.8e-06, 4e-06, 2.8e-06, 1.2e-06, 6.4e-06, 6.8e-06, 1.2e-06, 4e-07, 4e-07, 1.2e-06, 2e-06, 1.6e-05, 1.96e-05, 1.56e-05, 4e-07, 4e-07, 4e-07, 4.4e-06, 4e-07, 4.4e-06, 1.4e-05, 1.48e-05, 4e-07, 4.8e-06, 6e-06, 1.6e-06, 1.6e-06, 4e-07, 4e-07, 4.8e-06, 1.12e-05, 2.8e-06, 1.2e-06, 3.2e-06, 1.2e-06, 1.2e-06, 4e-07, 4e-07, 8e-07, 8e-07, 8e-07, 5.6e-06, 4.4e-06, 4.4e-06, 5.6e-06, 1.8e-05, 7.6e-06, 9.2e-06, 1.16e-05, 3.6e-06, 8e-07, 4e-07, 4e-07, 4e-06, 2.8e-06, 8e-07, 4e-07, 4e-07, 4e-07, 2.8e-06, 2.4e-06, 2e-06, 1.6e-06, 2e-06, 1.72e-05, 1.96e-05, 2.28e-05, 2.28e-05, 2.52e-05, 1.16e-05, 2.4e-06, 2.8e-06, 3.2e-06, 2.4e-06, 2.4e-06, 1.6e-06, 4e-07, 3.2e-06, 4.4e-06, 1.6e-06, 2.8e-06, 1.6e-06, 1.2e-06, 1.2e-06, 8e-07, 7.6e-06, 2.4e-06, 4e-07, 4e-07, 1.6e-06, 2e-06, 4e-07, 2e-06, 4e-07, 8e-07, 8.4e-06, 3.2e-06, 1.6e-06, 4e-07, 4e-07, 2.4e-06, 4e-06, 8.8e-06, 1.08e-05, 3.6e-05, 9.92e-05, 7.68e-05, 6.8e-05, 5.32e-05, 8.88e-05, 9.6e-05, 0.0001024, 9.16e-05, 0.0001436, 0.0001264, 0.0001152, 0.000118, 0.0001484, 0.0001848, 0.0002028, 0.0003704, 0.000408, 0.0003572, 0.0003596, 0.0003156, 0.0003832, 0.0003492, 0.00033, 0.0002572, 0.000194, 0.0001876, 0.0002096, 0.0001784, 0.00018, 0.0001844, 0.000148, 0.0001544, 0.000132, 0.000132, 0.0001292, 0.0001084, 0.0001064, 9.52e-05, 9.12e-05, 9.64e-05, 7.56e-05, 6.52e-05, 3.44e-05, 5.12e-05, 4.08e-05, 4.16e-05, 4.12e-05, 7.2e-06, 1.2e-06, 1.2e-06, 2.4e-06, 4e-07, 1.2e-06, 4e-07, 4e-07, 4e-07, 4e-07, 4e-07, 4e-07, 3.6e-06, 8.8e-06, 2.4e-06, 2.4e-06, 2.4e-06, 5.2e-06, 6e-06, 1.24e-05, 1e-05, 1.24e-05, 1.68e-05, 1.68e-05, 2.48e-05, 2.64e-05, 3.32e-05, 2.72e-05, 3.84e-05, 5.6e-06, 8e-06, 1e-05, 3.2e-06, 3.6e-06, 2.8e-06, 4.4e-06, 1.6e-06, 4e-07, 8e-07, 4.72e-05, 4.84e-05, 3.56e-05, 2.64e-05, 1.52e-05, 1.6e-06, 4e-07, 8e-07, 4e-07, 4.8e-06, 3.2e-06, 1.6e-06, 2e-06, 4e-07, 4e-07, 2e-06, 4e-07, 1.2e-06, 1.2e-06, 8e-07, 8e-07, 1.2e-06, 8e-07, 4e-07, 1.6e-06, 8e-07, 4e-07, 4e-07, 4e-07, 8e-07, 4e-07, 3.2e-06, 2.8e-06, 4e-07, 4e-07, 1.6e-06, 4e-07, 1.2e-06, 1.12e-05, 2e-05, 4e-07, 4e-07, 4e-07, 4e-07, 8e-07, 8e-07, 8e-07, 8e-07, 3.6e-06, 5.6e-06, 6.8e-06, 6.4e-06, 8e-06, 8e-07, 4e-07, 4e-07, 4e-07, 5.6e-06, 1.6e-06, 2.4e-06, 4e-07, 2.8e-06, 1e-05, 1.6e-05, 1.92e-05, 2.12e-05, 2.12e-05, 1e-05, 1.08e-05, 9.6e-06, 2.08e-05, 2.44e-05, 1.68e-05, 1.2e-06, 4e-07, 4e-07, 1.2e-06, 1.2e-06, 4e-07, 2e-06, 8e-07, 1.04e-05, 4e-07, 8e-07, 1.2e-06, 4e-07, 8e-07, 1.2e-06, 1.2e-06, 2.8e-06, 8e-07, 8e-07, 1.6e-06, 8e-07, 4.8e-06, 1.2e-06, 1.2e-06, 4e-07, 4.4e-06, 3.2e-06, 1.6e-06, 8e-07, 1.4e-05, 1.52e-05, 1.24e-05, 4e-07, 4e-07, 2.4e-06, 1.2e-06, 4e-07, 8e-07, 2.4e-06, 3.6e-06, 5.6e-06, 8e-06, 8.4e-06, 4e-07, 4e-07, 1.2e-06, 4e-07, 4e-07, 8e-07, 5.2e-06, 8e-07, 4e-07, 4e-07, 4e-07, 8e-07, 4e-07, 1.2e-06, 1.2e-06, 2.4e-06, 4.4e-06, 2e-06, 1.2e-06, 2.8e-06, 4e-07, 2.4e-06, 1.6e-06, 8e-07, 4e-07, 8e-07, 8e-07, 4e-06, 4e-07, 8e-07, 2.8e-06, 4e-07, 4e-07, 1.2e-06, 1.6e-06, 1.2e-06, 8e-07, 8e-07, 8.4e-06, 1.16e-05, 9.6e-06, 4e-07, 4e-07, 4e-07, 4e-07, 1.2e-06, 4e-07, 4e-07, 8e-07, 8e-07, 1.6e-06, 8e-07, 8e-07, 2.8e-06, 5.6e-06, 4e-06, 2.8e-06, 8e-07, 1.2e-06, 4e-07, 4e-07, 4.8e-06, 4e-07, 8e-07, 2e-06, 4e-06, 2e-06, 1.6e-06, 1.6e-06, 2.4e-06, 2.4e-06, 4e-07, 8e-07, 5.2e-06, 3.6e-06, 4e-07, 8e-07, 1.2e-06, 1.2e-06, 4e-07, 4e-07, 4e-07, 1.2e-06, 1.2e-06, 2.4e-06, 3.2e-06, 4e-07, 8e-07, 4e-07, 4e-07, 1.36e-05, 1.2e-05, 8e-06, 4e-07, 9.2e-06, 1.4e-05, 1.52e-05, 1.08e-05, 2e-06, 3.2e-06, 2.4e-06, 8e-07, 4e-07, 4e-07, 3.2e-06, 8e-07, 8e-07, 2.24e-05, 2e-06, 4e-07, 1e-05, 4e-06, 4.4e-06, 4e-06, 3.6e-06, 2.8e-06, 1.2e-06, 8e-07, 8e-07, 4e-07, 4e-07, 2.4e-06, 4e-07, 4e-07, 4e-07, 2.8e-06, 8e-07, 8e-07, 1.2e-06, 8e-07, 3.6e-06, 1.68e-05, 1.6e-05, 1.64e-05, 5.04e-05, 6.88e-05, 4.28e-05, 4.36e-05, 9.44e-05, 0.000122, 9.72e-05, 7.64e-05, 3.76e-05, 3.2e-06, 4e-07, 8e-07, 8e-07, 2e-06, 2.8e-06, 4.4e-06, 4e-07, 3.6e-06, 4e-07, 4e-07, 8e-07, 4e-07, 4e-07, 4e-07, 8e-07, 2e-06, 4e-07, 4e-07, 4e-07, 4e-07, 1.56e-05, 