{"s": 0.001, "mu": 1e-09, "rho": 2.5, "r": 0.1, "sigma": 10.0, "time_limit": 1000000.0, "L": 1000.0, "w": null, "n_side": 1, "sampling_scheme": "uniform", "sampled_p_flattened": [4.8e-06, 1.04e-05, 1.04e-05, 8e-07, 3.6e-06, 3.2e-06, 2e-06, 8e-07, 1.2e-06, 1.08e-05, 1.72e-05, 2.56e-05, 1.96e-05, 1.2e-06, 2e-06, 1.16e-05, 4.8e-06, 1.6e-06, 4e-07, 4e-07, 2e-06, 1.6e-06, 1.2e-06, 9.2e-06, 3.84e-05, 5.96e-05, 5.8e-05, 5.92e-05, 4.36e-05, 2.84e-05, 1.96e-05, 1.48e-05, 1.44e-05, 1.24e-05, 8.8e-06, 1.52e-05, 1.76e-05, 6e-06, 6.4e-06, 1.08e-05, 8e-07, 5.6e-06, 8.4e-06, 6.4e-06, 4e-07, 2e-06, 6.8e-06, 3.2e-05, 2.92e-05, 8e-07, 4e-07, 1.08e-05, 4.8e-06, 4.4e-06, 1e-05, 1.04e-05, 8e-06, 1.04e-05, 1.32e-05, 8.4e-06, 2.36e-05, 1.44e-05, 8.8e-06, 1.04e-05, 3.2e-05, 2.44e-05, 2.48e-05, 1.64e-05, 1.32e-05, 2.36e-05, 2.96e-05, 3.52e-05, 3.72e-05, 4.12e-05, 4.4e-05, 0.0001012, 0.0001, 0.0001004, 0.000116, 9.24e-05, 6.56e-05, 7.72e-05, 9.96e-05, 7.24e-05, 4.48e-05, 3.64e-05, 2.76e-05, 2.6e-05, 5.2e-06, 4.8e-06, 4e-06, 1.24e-05, 1.56e-05, 2.44e-05, 2.16e-05, 2.2e-05, 2.4e-05, 2.96e-05, 2.4e-05, 3e-05, 4e-05, 3.48e-05, 3.36e-05, 1.64e-05, 4e-07, 4e-07, 8e-07, 1.2e-06, 8e-07, 4e-06, 1.2e-06, 1.2e-06, 8e-06, 2.92e-05, 5.92e-05, 5.16e-05, 6e-05, 2.68e-05, 4.96e-05, 3.72e-05, 3.44e-05, 8.68e-05, 5.12e-05, 5e-05, 5.48e-05, 4.36e-05, 3.8e-05, 5.84e-05, 5e-05, 4.96e-05, 5.08e-05, 3.36e-05, 4.44e-05, 3.4e-05, 2.64e-05, 2e-06, 2.4e-06, 1.6e-06, 2.8e-06, 1.2e-06, 1.6e-06, 8e-07, 4.8e-06, 4e-06, 4.4e-06, 4.8e-06, 4e-07, 4e-07, 4e-07, 4e-07, 1.6e-06, 8e-07, 1.6e-06, 1.28e-05, 1.12e-05, 4e-07, 4e-07, 1.6e-06, 4e-06, 8e-07, 1.2e-06, 4e-07, 1.04e-05, 4e-06, 2e-06, 2e-06, 2.4e-06, 1.6e-06, 8e-07, 1.24e-05, 4.48e-05, 2.36e-05, 2.8e-05, 2.28e-05, 3.36e-05, 4e-05, 4.52e-05, 4.32e-05, 5.28e-05, 7.2e-05, 7.48e-05, 8.68e-05, 0.0001548, 0.0001732, 0.0001892, 0.00018, 0.0001956, 0.0002192, 0.00021, 0.0002156, 0.0002024, 0.0001052, 5.4e-05, 6.2e-05, 8.6e-05, 0.0001044, 9.12e-05, 8.2e-05, 4.4e-05, 4.48e-05, 2.36e-05, 5.92e-05, 7.64e-05, 0.0001092, 0.0001208, 0.0001248, 0.000224, 0.0002216, 0.0002144, 0.00027, 0.0003024, 0.0002652, 0.000258, 0.0002504, 0.000256, 0.0002608, 0.0002408, 0.0001984, 0.0001992, 0.000174, 0.0001956, 0.0002036, 0.000246, 0.0002716, 0.0002608, 0.0002484, 0.0002508, 0.0002872, 0.0002788, 0.0002244, 0.0002184, 0.0002292, 0.0002464, 0.0001732, 0.0002264, 0.0002368, 0.0002004, 0.0002524, 0.0002948, 0.00017, 0.0001664, 0.0001236, 0.000124, 0.0001592, 0.000146, 0.0001328, 0.000174, 0.00012, 9.88e-05, 8.6e-05, 7.68e-05, 0.0001048, 0.0001276, 0.0001828, 0.0001732, 0.00018, 0.0001976, 0.0002468, 0.00027, 0.0002816, 0.0003232, 0.0003068, 0.0002632, 0.000192, 0.0001948, 0.000202, 0.0002264, 0.0001976, 0.0002144, 0.0002592, 0.0001624, 0.0001464, 6.64e-05, 8.44e-05, 8.52e-05, 7.12e-05, 3.32e-05, 1e-05, 9.6e-06, 9.2e-06, 1.36e-05, 1.24e-05, 1.36e-05, 4e-07, 1.2e-06, 1.2e-06, 4e-07, 1.6e-06, 4e-07, 4e-07, 1.6e-06, 4e-07, 1.6e-06, 8e-07, 6.8e-06, 7.6e-06, 1.48e-05, 1.08e-05, 1.2e-05, 1.48e-05, 1.52e-05, 4.8e-06, 6.12e-05, 3.84e-05, 1.6e-05, 4.4e-06, 1.08e-05, 1.52e-05, 4.4e-06, 8e-07, 8e-07, 4e-07, 2.4e-06, 4e-06, 3.32e-05, 2.6e-05, 2.64e-05, 2.64e-05, 1.8e-05, 2.04e-05, 1.6e-06, 2.4e-06, 4e-07, 8e-07, 8e-07, 6.4e-06, 8.4e-06, 9.6e-06, 4e-06, 4e-07, 4e-07, 2.8e-06, 4e-07, 1.2e-06, 4e-07, 4e-07, 4e-07, 4e-07, 2e-06, 4e-07, 8e-07, 9.6e-06, 2.4e-06, 4e-07, 1.2e-06, 8e-07, 2.04e-05, 1.88e-05, 3.52e-05, 2.44e-05, 2.52e-05, 2.48e-05, 1.36e-05, 4.8e-06, 2.8e-06, 4e-07, 4e-07, 8e-07, 1.2e-06, 1.2e-06, 8e-07, 4e-07, 4e-07, 1.6e-06, 1.16e-05, 6e-06, 7.6e-06, 4.8e-06, 4e-07, 4e-07, 4e-06, 3.2e-06, 8e-07, 4e-07, 4e-07, 4e-07, 4e-07, 1.6e-06, 2e-06, 2e-06, 1.6e-06, 2e-06, 2e-06, 4e-06, 6e-06, 1.68e-05, 8.8e-06, 1.32e-05, 1.44e-05, 9.6e-06, 7.2e-06, 6e-06, 3.92e-05, 5.24e-05, 2.96e-05, 3.4e-05, 3.12e-05, 2.84e-05, 2.72e-05, 4.24e-05, 3.72e-05, 3.92e-05, 1.48e-05, 2.56e-05, 3.32e-05, 4.36e-05, 5.76e-05, 6.56e-05, 6.52e-05, 7.08e-05, 9.12e-05, 9.04e-05, 6.68e-05, 7.28e-05, 2.28e-05, 1.64e-05, 3.72e-05, 7.32e-05, 8.24e-05, 8.32e-05, 6.4e-05, 2.28e-05, 8.4e-06, 8e-07, 1.2e-06, 1.2e-06, 8e-07, 4e-07, 2e-06, 8e-07, 8e-07, 1.2e-06, 2.4e-06, 4e-07, 4e-07, 1.16e-05, 1.6e-06, 4e-07, 1.2e-06, 8e-07, 2.4e-06, 8e-07, 8e-07, 4e-07, 8e-07, 8e-07, 8e-07, 4e-07, 4e-07, 8e-07, 8e-07, 2e-06, 2.4e-06, 4e-07, 4e-07, 4e-07, 4e-06, 8e-07, 1.96e-05, 1.8e-05, 6e-06, 4.8e-06, 4e-06, 1.2e-06, 1.2e-06, 1.2e-06, 1.2e-06, 4e-07, 1.2e-06, 8e-07, 8e-07, 1.2e-06, 4e-07, 1.64e-05, 6.4e-06, 2.4e-06, 6e-06, 6e-06, 2.8e-06, 8e-07, 4e-07, 8e-07, 2.4e-06, 4e-07, 4e-07, 1.6e-06, 1.2e-06, 8e-07, 1.2e-06, 8.4e-06, 5.6e-06, 2.72e-05, 1.2e-06, 2e-06, 2.4e-06, 2.4e-06, 8e-07, 4e-07, 2.4e-06, 2e-06, 8e-07, 5.6e-06, 1.6e-06, 4e-07, 4e-07, 5.6e-06, 6.8e-06, 7.2e-06, 1.08e-05, 1.16e-05, 3.88e-05, 3.92e-05, 3.68e-05, 3.64e-05, 3.16e-05, 4e-07, 1.2e-06, 4.4e-06, 1.08e-05, 1.12e-05, 5.2e-06, 2.8e-06, 1.64e-05, 6.8e-06, 8e-06, 5.6e-06, 5.2e-05, 6.2e-05, 5e-05, 2e-05, 3e-05, 4.32e-05, 4.68e-05, 2e-05, 1.8e-05, 1.08e-05, 1.36e-05, 1.84e-05, 8e-06, 2.8e-06, 3.2e-06, 5.2e-06, 3.6e-06, 5.6e-06, 3.2e-06, 3.6e-06, 4.32e-05, 1.28e-05, 6.4e-06, 6.8e-06, 4e-07, 4e-07, 4e-07, 7.2e-06, 1.68e-05, 4e-06, 4e-07, 3.2e-06, 2.8e-06, 8e-07, 4e-07, 4.8e-06, 1.6e-06, 4.8e-06, 8.8e-06, 1.08e-05, 1.28e-05, 1.04e-05, 9.2e-06, 3.96e-05, 3.88e-05, 4.28e-05, 4.8e-05, 4.28e-05, 3.88e-05, 8.72e-05, 0.000122, 0.000134, 0.000214, 0.0002076, 0.0001572, 0.0001556, 0.0001364, 0.000142, 0.0001588, 0.00016, 9.52e-05, 7.56e-05, 6.56e-05, 7.24e-05, 5.72e-05, 3e-05, 3.88e-05, 5.88e-05, 0.0001244, 0.000128, 0.0001188, 0.00012, 0.0001504, 0.0001356, 0.0001688, 0.0001476, 0.0001516, 0.0001416, 0.0001392, 0.0001204, 0.0001232, 0.00015, 0.0001956, 0.0001944, 0.0002, 0.0001988, 0.0002016, 0.0001788, 0.000136, 0.0001464, 0.0001428, 0.0001552, 0.0001584, 0.000148, 0.0001368, 0.000146, 0.0001224, 0.0001176, 9.24e-05, 0.0001176, 0.0001332, 9.2e-05, 7.08e-05, 7.08e-05, 5.68e-05, 5.6e-05, 3.32e-05, 5.68e-05, 3.16e-05, 4.4e-05, 2.44e-05, 2.48e-05, 1.2e-06, 2e-06, 8e-07, 8e-07, 4e-07, 2.8e-06, 2.16e-05, 3.32e-05, 2e-05, 2.36e-05, 1.4e-05, 9.2e-06, 5.2e-06, 4e-06, 5.6e-06, 2.8e-06, 4.4e-06, 1.6e-06, 4e-07, 2.8e-05, 3.24e-05, 2.88e-05, 2.92e-05, 4.2e-05, 5.48e-05, 4.4e-05, 4.28e-05, 4.92e-05, 4.04e-05, 9.96e-05, 7.32e-05, 5.44e-05, 7.8e-05, 3.84e-05, 3.8e-05, 3.44e-05, 3.84e-05, 2.68e-05, 5.4e-05, 6.76e-05, 7.2e-05, 8.08e-05, 4.76e-05, 0.0001336, 0.0001144, 9.04e-05, 7.84e-05, 7.84e-05, 5.96e-05, 4.48e-05, 4.36e-05, 4.68e-05, 2.72e-05, 2.48e-05, 4.8e-06, 1.2e-06, 4e-07, 4e-07, 8e-07, 4e-07, 4e-07, 4e-07, 4e-07, 4e-07, 4e-07, 4e-07, 2.8e-06, 4e-07, 1.2e-06, 4e-07, 4e-07, 1.2e-06, 1.6e-06, 1.2e-06, 4e-07, 1.24e-05, 1.36e-05, 1.28e-05, 1.6e-06, 2e-06, 1.6e-06, 1.2e-06, 1.2e-06, 8e-07, 7.6e-06, 1e-05, 7.6e-06, 8e-06, 1.08e-05, 6e-06, 1.56e-05, 2.36e-05, 2.04e-05, 2.4e-06, 1.2e-06, 2.8e-06, 1.2e-06, 8e-07, 4e-06, 3.6e-06, 2.4e-06, 2.4e-06, 1.6e-06, 8e-07, 4e-07, 8e-07, 1.2e-06, 4e-07, 4e-07, 2.4e-06, 4e-07, 4e-07, 3.6e-06, 2.8e-06, 2.4e-06, 4e-07, 4e-07, 4.4e-06, 8e-07, 4e-07, 1.2e-06, 6.4e-06, 7.6e-06, 3.6e-06, 4.8e-06, 4.4e-06, 3.2e-06, 5.2e-06, 2.4e-05, 2.08e-05, 1.64e-05, 1.12e-05, 8.4e-06, 8e-07, 2e-06, 3.2e-06, 5.2e-06, 7.2e-06, 3.2e-06, 4e-07, 2e-06, 2e-06, 5.2e-06, 1.6e-06, 2.4e-06, 8e-07, 8e-07, 4e-07, 4e-07, 1.6e-06, 3.6e-06, 6e-06, 8e-07, 2.8e-06, 2e-06, 2e-06, 4e-07, 8e-07, 1.6e-06, 2e-06, 3.2e-06, 1.28e-05, 4.4e-06, 5.6e-06, 6.4e-06, 6e-06, 4.8e-06, 6.4e-06, 5.6e-06, 5.6e-06, 4e-07, 4e-06, 4e-07, 4e-07, 4e-07, 4e-07, 8e-07, 4e-07, 4e-07, 1.2e-06, 1.2e-06, 4e-07, 4e-07, 8e-07, 6.8e-06, 8e-06, 1.68e-05, 1.44e-05, 1.2e-05, 2e-05, 2.4e-05, 3.4e-05, 2.2e-05, 3.52e-05, 3.32e-05, 5.6e-06, 1.44e-05, 2.24e-05, 1e-05, 1.24e-05, 1.44e-05, 1.44e-05, 3.16e-05, 1.44e-05, 8.8e-06, 1.6e-06, 1e-05, 9.2e-06, 1.12e-05, 1e-05, 2e-06, 2e-05, 4.8e-05, 5.64e-05, 7.36e-05, 6.12e-05, 3.52e-05, 2.28e-05, 1.96e-05, 2.16e-05, 2.92e-05, 3.04e-05, 4.24e-05, 8.88e-05, 8.24e-05, 7.16e-05, 0.0001192, 0.0001524, 0.0001708, 