{"s": 0.001, "mu": 1e-09, "rho": 2.5, "r": 0.1, "sigma": 10.0, "time_limit": 1000000.0, "L": 1000.0, "w": null, "n_side": 1, "sampling_scheme": "uniform", "sampled_p_flattened": [4e-07, 8e-07, 4e-07, 1.6e-06, 1.6e-06, 4e-07, 1.6e-06, 1.6e-06, 4e-07, 4e-07, 1.16e-05, 9.6e-06, 1.6e-06, 8e-07, 4e-07, 1.2e-06, 1.2e-06, 4e-07, 4.4e-06, 1.2e-06, 3.6e-06, 6.4e-06, 4e-07, 4e-07, 8e-07, 2e-06, 1.6e-06, 1.6e-06, 1.2e-06, 4e-07, 8e-07, 6.4e-06, 2.76e-05, 2.04e-05, 1.68e-05, 2.92e-05, 2.48e-05, 2.56e-05, 3.2e-05, 5.56e-05, 7.92e-05, 8.96e-05, 0.0001596, 0.0001772, 0.0001728, 0.0001316, 0.0001056, 0.0001364, 0.0001248, 8.32e-05, 0.0001136, 9.36e-05, 9.96e-05, 0.0001004, 9.44e-05, 8.88e-05, 5.2e-05, 8.64e-05, 8.92e-05, 9e-05, 8.72e-05, 8.92e-05, 0.0001012, 0.000106, 0.0001104, 0.0001204, 8.04e-05, 6.96e-05, 6.6e-05, 6.76e-05, 6.92e-05, 6.96e-05, 4.64e-05, 3.92e-05, 1.72e-05, 1.88e-05, 4.28e-05, 3.84e-05, 3.84e-05, 2e-05, 1.6e-05, 2.4e-05, 9.2e-06, 4e-07, 4e-07, 6.8e-06, 6e-06, 3.2e-06, 1.6e-06, 4e-07, 4e-07, 4e-07, 8e-07, 8e-07, 4.8e-06, 8.4e-06, 6.8e-06, 8.4e-06, 1.04e-05, 4.8e-06, 4.8e-06, 2.8e-06, 2.4e-06, 4e-06, 8e-06, 3.84e-05, 4.28e-05, 3.8e-05, 3.56e-05, 1.76e-05, 2.6e-05, 2.76e-05, 1e-05, 4e-06, 6.8e-06, 6.4e-06, 1.2e-06, 5.2e-06, 8.8e-06, 1.8e-05, 8e-07, 2.4e-06, 4.8e-06, 1e-05, 2.16e-05, 8.84e-05, 0.0001004, 0.0001076, 8.52e-05, 0.0001104, 0.0001272, 0.0001432, 0.0001132, 0.0001508, 0.0001644, 0.0001264, 6.76e-05, 6.92e-05, 3.8e-05, 4.04e-05, 2.4e-06, 3.6e-06, 1.6e-06, 8e-07, 1.6e-06, 4.8e-06, 2.4e-06, 2e-06, 2.8e-06, 2.8e-06, 3.2e-06, 4e-06, 1.6e-06, 2e-06, 4e-07, 1.52e-05, 1.28e-05, 1.08e-05, 1.12e-05, 2.4e-06, 4.4e-06, 4e-07, 4e-07, 4e-07, 8e-07, 4e-07, 8e-07, 4e-07, 1.2e-06, 1.2e-06, 2e-06, 2e-06, 1.6e-06, 1.6e-06, 8.8e-06, 8e-07, 8e-07, 1.6e-06, 4e-07, 1.2e-06, 4.8e-06, 4.8e-06, 1.6e-06, 4e-06, 2.4e-06, 6e-06, 6.8e-06, 5.6e-06, 5.2e-06, 8e-06, 1.6e-06, 4e-07, 8e-07, 4e-07, 4e-07, 1.6e-06, 4e-07, 4e-07, 2.4e-06, 4e-07, 4e-07, 2.4e-06, 1.96e-05, 2.24e-05, 2.92e-05, 1e-05, 2.56e-05, 1.96e-05, 2.8e-06, 7.2e-06, 1.6e-05, 2e-05, 1.2e-05, 1.52e-05, 2.4e-05, 3.88e-05, 3.8e-05, 3.92e-05, 2.44e-05, 2.04e-05, 1.4e-05, 8e-06, 9.6e-06, 1.44e-05, 2.48e-05, 2.04e-05, 2.4e-05, 6.96e-05, 9.56e-05, 9.08e-05, 7.56e-05, 5.32e-05, 4.16e-05, 3.32e-05, 3e-05, 8e-07, 2.8e-06, 4e-07, 4e-07, 4e-07, 4e-07, 4e-07, 4e-07, 4e-07, 8e-07, 8e-07, 4e-07, 4e-07, 4e-07, 4e-07, 8e-07, 4e-07, 4e-07, 1.6e-06, 6e-06, 1.16e-05, 4.4e-06, 1.24e-05, 3.2e-06, 1.2e-06, 8e-07, 4e-07, 4e-07, 4e-07, 4e-07, 2.4e-06, 4e-07, 4e-07, 4e-07, 4e-07, 8e-07, 4e-07, 4e-07, 8e-07, 4e-07, 2.8e-06, 1.6e-06, 4e-07, 4e-07, 4e-07, 1.2e-06, 1.6e-06, 8.4e-06, 1.44e-05, 1.24e-05, 1.16e-05, 5.2e-06, 1.08e-05, 1.2e-05, 6e-06, 2.68e-05, 3.04e-05, 2.76e-05, 1.72e-05, 1.32e-05, 1.48e-05, 5.64e-05, 6.8e-05, 7.48e-05, 7.92e-05, 8.44e-05, 8.52e-05, 6.44e-05, 6.16e-05, 5.4e-05, 4e-05, 1.56e-05, 1.08e-05, 4e-07, 4e-07, 8e-07, 4e-07, 2e-06, 3.6e-06, 4.8e-06, 2.4e-06, 1.08e-05, 5.2e-06, 1.6e-05, 1.72e-05, 1.36e-05, 9.6e-06, 8e-06, 7.2e-06, 3.6e-06, 3.6e-06, 9.2e-06, 1.2e-06, 4e-07, 4e-07, 4e-07, 4e-07, 1.6e-06, 7.6e-06, 3.2e-06, 4e-07, 4e-07, 4e-07, 4e-07, 4e-07, 8e-07, 3.6e-06, 1.2e-06, 8e-07, 8e-07, 2.4e-06, 8e-07, 4e-07, 4e-07, 1.6e-06, 1.2e-06, 2e-06, 4e-07, 4e-07, 4e-07, 4e-07, 8e-07, 6.4e-06, 4e-07, 4e-07, 1.2e-06, 1.32e-05, 1.84e-05, 5.2e-06, 4e-07, 1.2e-06, 4e-07, 1.2e-06, 4e-06, 6e-06, 4.4e-06, 2.4e-06, 1.6e-06, 1.2e-06, 1.2e-06, 1.6e-06, 2.8e-06, 4e-07, 8.8e-06, 3.84e-05, 5.88e-05, 5.24e-05, 4.32e-05, 3.72e-05, 2.48e-05, 1.32e-05, 4e-06, 1.16e-05, 2.12e-05, 3e-05, 5.2e-05, 5.4e-05, 7.16e-05, 7e-05, 9.52e-05, 9.52e-05, 0.0001216, 0.000152, 0.0001352, 8.76e-05, 6.12e-05, 6.8e-05, 4.16e-05, 3.12e-05, 3.12e-05, 1.68e-05, 1.84e-05, 8e-07, 4e-07, 4e-07, 2.8e-06, 2.4e-06, 4.8e-06, 4e-06, 2.04e-05, 3.88e-05, 3.16e-05, 4e-07, 2e-06, 1.6e-06, 3.2e-06, 5.2e-06, 5.6e-06, 5.2e-06, 4.8e-06, 3.36e-05, 4.84e-05, 7.2e-05, 4.84e-05, 4.24e-05, 8e-06, 2.84e-05, 3.04e-05, 1.6e-06, 2.8e-06, 4e-07, 1.2e-06, 1.2e-06, 4e-07, 1.2e-06, 1.2e-06, 4e-07, 2.8e-06, 4e-07, 1.6e-06, 4e-07, 2.8e-06, 1.76e-05, 1.92e-05, 2.04e-05, 8.12e-05, 9.08e-05, 8.88e-05, 8.16e-05, 8.52e-05, 5.36e-05, 5.24e-05, 5.2e-05, 4.84e-05, 7.2e-05, 3.96e-05, 6.4e-06, 7.2e-06, 1.32e-05, 1.32e-05, 1.48e-05, 1.16e-05, 2.12e-05, 1.64e-05, 3.64e-05, 3.72e-05, 3.56e-05, 2.36e-05, 2.36e-05, 7.6e-06, 3.6e-06, 8e-07, 4e-07, 4e-07, 2e-06, 1.6e-06, 2.8e-06, 5.2e-06, 6.8e-06, 4.4e-06, 4e-07, 4e-07, 2.8e-06, 4.4e-06, 3.6e-06, 1.64e-05, 2.08e-05, 2e-05, 3.2e-05, 3.2e-05, 3.08e-05, 2.72e-05, 1.76e-05, 2.92e-05, 2.2e-05, 2.56e-05, 8e-07, 4e-07, 8e-07, 7.6e-06, 1.56e-05, 1.52e-05, 2.44e-05, 2.68e-05, 2.04e-05, 3.96e-05, 2.6e-05, 3.4e-05, 2.76e-05, 3.88e-05, 2.64e-05, 3.2e-06, 1.2e-06, 2.8e-06, 4e-07, 8e-07, 2e-06, 1.6e-06, 1.2e-06, 8e-07, 2.8e-06, 1.6e-06, 1.6e-06, 4e-07, 1.6e-06, 4e-07, 4e-07, 2.8e-06, 2.56e-05, 1.44e-05, 1.2e-05, 8e-06, 4.8e-06, 1e-05, 8e-06, 9.6e-06, 4e-07, 1.2e-06, 2.4e-06, 3.2e-06, 2.4e-06, 4e-07, 2.4e-06, 4e-07, 4e-07, 8e-07, 2.8e-06, 8e-07, 8e-06, 2.88e-05, 3.68e-05, 8.32e-05, 8.2e-05, 8.72e-05, 7.56e-05, 8.4e-05, 5.92e-05, 0.0001048, 0.0001052, 6.12e-05, 4.16e-05, 4.28e-05, 3.76e-05, 3.52e-05, 1e-05, 9.6e-06, 9.6e-06, 1.12e-05, 4.8e-06, 2.8e-06, 1.2e-06, 8e-07, 4e-07, 1.2e-06, 4e-07, 4.8e-06, 1.44e-05, 7.16e-05, 8.6e-05, 8.56e-05, 9e-05, 5.72e-05, 0.000108, 6.24e-05, 8.64e-05, 0.0001272, 0.0001328, 0.0001592, 0.0001652, 0.0001696, 0.0002296, 0.0002368, 0.0002632, 0.0002788, 0.0002864, 0.0003196, 0.0003716, 0.0003744, 0.0002484, 0.000248, 0.0002404, 0.000196, 0.0001752, 0.0001728, 0.000174, 0.0001872, 0.0002096, 0.0002092, 0.0001708, 0.0001732, 0.0001604, 0.0001388, 0.0001412, 0.0001536, 8.2e-05, 0.0001148, 6.48e-05, 5.16e-05, 4.92e-05, 3.6e-05, 4.64e-05, 4.64e-05, 4.52e-05, 4.52e-05, 3.16e-05, 2.92e-05, 3.2e-05, 1.56e-05, 2.6e-05, 2.92e-05, 2.76e-05, 1.4e-05, 1.8e-05, 6.4e-06, 8e-07, 8e-07, 4e-07, 8e-07, 1.6e-06, 8e-07, 4e-07, 4e-07, 4e-06, 8e-07, 2.8e-06, 1.2e-06, 1.2e-06, 1e-05, 4.8e-06, 5.6e-06, 5.2e-06, 5.6e-06, 4.8e-06, 4e-06, 4e-07, 4e-07, 7.28e-05, 4.4e-05, 4.56e-05, 2.44e-05, 2.44e-05, 5.52e-05, 5.64e-05, 3.68e-05, 4.56e-05, 4.32e-05, 3.56e-05, 2.48e-05, 2.4e-05, 1.2e-05, 8.8e-06, 8e-07, 2e-06, 3.2e-06, 4e-07, 4e-07, 4e-07, 2.8e-06, 4e-07, 2e-06, 8e-07, 1.2e-06, 4e-07, 4e-07, 1.2e-06, 2.8e-06, 9.2e-06, 1e-05, 1.2e-06, 4e-07, 8e-06, 6.4e-06, 4e-07, 4e-07, 4e-07, 4e-07, 4e-07, 4e-07, 2.4e-06, 4e-07, 4e-07, 4e-07, 3.2e-06, 4.4e-06, 7.2e-06, 1e-05, 6.8e-06, 4.4e-06, 4e-06, 4e-07, 5.6e-06, 1.6e-06, 3.6e-06, 4e-07, 4e-07, 9.6e-06, 3.6e-06, 4.4e-06, 4.8e-06, 4.8e-06, 3.2e-06, 2e-06, 4e-06, 4.4e-06, 5.2e-06, 2e-06, 4.8e-06, 4e-07, 4e-07, 4e-07, 1.6e-06, 2.4e-06, 4.8e-06, 2e-06, 2e-06, 1.6e-06, 2.4e-06, 1.6e-06, 4e-07, 1.6e-06, 4e-07, 4e-07, 8e-07, 6.4e-06, 1.04e-05, 1.16e-05, 9.6e-06, 9.2e-06, 1.48e-05, 8.8e-06, 1.2e-06, 4e-07, 4e-07, 4e-07, 5.6e-06, 4.4e-06, 5.6e-06, 1.28e-05, 1.08e-05, 1.48e-05, 4e-07, 1.2e-06, 2.8e-06, 5.6e-06, 5.2e-06, 1e-05, 9.6e-06, 6e-06, 7.6e-06, 4.72e-05, 3.68e-05, 3.76e-05, 2.4e-05, 2.04e-05, 1.72e-05, 1.96e-05, 1.8e-05, 9.2e-06, 1.4e-05, 1.12e-05, 1.6e-06, 2.8e-06, 4e-07, 2.4e-06, 3.6e-06, 5.2e-06, 2.8e-05, 3.24e-05, 1.84e-05, 2.92e-05, 1.56e-05, 1.52e-05, 1.56e-05, 1.28e-05, 4.4e-06, 6.4e-06, 5.2e-06, 8e-06, 4e-06, 1.2e-06, 8e-07, 4e-07, 8e-07, 8e-07, 4e-07, 2.68e-05, 1.08e-05, 2.2e-05, 1.84e-05, 1.96e-05, 1.32e-05, 1.28e-05, 1e-05, 1.04e-05, 1.32e-05, 1.32e-05, 7.6e-06, 1.6e-06, 8e-07, 1.2e-06, 4e-07, 4e-07, 4e-07, 1.16e-05, 3.6e-06, 3.6e-06, 4e-06, 4.8e-06, 8e-07, 3.2e-06, 4e-07, 4e-07, 4e-07, 1.2e-06, 1.6e-06, 4e-07, 2e-06, 1.6e-06, 1.2e-06, 1.2e-06, 5.2e-06, 4e-06, 8.8e-06, 1.04e-05, 1.24e-05, 1.16e-05, 9.6e-06, 1.48e-05, 1.72e-05, 1.56e-05, 4.16e-05, 0.0001024, 0.0001436, 9.6e-05, 7.88e-05, 7.56e-05, 0.000116, 8.36e-05, 5.8e-05, 3.08e-05, 3.2e-06, 4.8e-06, 1.76e-05, 2.96e-05, 2.04e-05, 2.8e-05, 3.12e-05, 2.16e-05, 9.6e-06, 6e-06, 1.2e-06, 2e-06, 3.2e-06, 4.8e-06, 4e-07, 8e-07, 4e-07, 4e-07, 4e-07, 2.4e-06, 2.8e-06, 1.6e-06, 7.6e-06,