{"s": 0.001, "mu": 1e-09, "rho": 20.0, "r": 0.1, "sigma": 10.0, "time_limit": 1000000.0, "L": 100.0, "w": null, "n_side": 1, "sampling_scheme": "uniform", "sampled_p_flattened": [5e-06, 1.5e-05, 5e-06, 5e-06, 2e-05, 5e-06, 5e-06, 5e-05, 4e-05, 3.5e-05, 5e-06, 5e-06, 5e-06, 5e-06, 5e-06, 1.5e-05, 2e-05, 2.5e-05, 2.5e-05, 5e-06, 5e-06, 5e-06, 5e-06, 3e-05, 5e-06, 2e-05, 3.5e-05, 5e-06, 5e-06, 5e-06, 1e-05, 2.5e-05, 5e-06, 7.5e-05, 8e-05, 1e-05, 1.5e-05, 2e-05, 5e-06, 3e-05, 2.5e-05, 9.5e-05, 0.00011, 0.0001, 3.5e-05, 1e-05, 1e-05, 3.5e-05, 3.5e-05, 3.5e-05, 2.5e-05, 1e-05, 2.5e-05, 5e-06, 5.5e-05, 4e-05, 3.5e-05, 6e-05, 3e-05, 0.000135, 0.000405, 0.000505, 0.00029, 0.00029, 0.000255, 0.000225, 0.00017, 6e-05, 5.5e-05, 2e-05, 1e-05, 1e-05, 3.5e-05, 3e-05, 7e-05, 0.00012, 0.000105, 8e-05, 5e-05, 2e-05, 1.5e-05, 5.5e-05, 3e-05, 1e-05, 2e-05, 2e-05, 5e-06, 5e-05, 2.5e-05], "zero_samples": 99967, "centers": NaN, "burnin": 10000.0, "N": 200000.0, "theta": 0.0002, "seed": 2005351944}