{"s": 0.01, "mu": 1e-09, "rho": 20.0, "r": 0.1, "sigma": 10.0, "time_limit": 1000000.0, "L": 100.0, "w": null, "n_side": 1, "sampling_scheme": "uniform", "sampled_p_flattened": [2.5e-05, 1.5e-05, 1.5e-05, 4e-05, 1e-05, 1e-05, 1e-05, 1e-05, 5.5e-05, 1.5e-05, 6e-05, 0.00015, 0.00014, 0.00016, 0.000165, 0.000165, 0.00022, 0.00016, 0.00011, 0.000165, 0.000155, 0.00018, 0.00037, 0.00039, 0.00039, 0.00044, 0.000115, 1.5e-05, 5e-06, 5e-06, 1e-05, 5e-06, 1.5e-05, 5.5e-05, 0.000125, 0.000755, 0.00034, 0.00051, 0.0006, 0.000475, 0.00047, 0.00038, 0.00017, 0.000175, 0.000255, 0.000945, 0.000565, 0.00057, 0.00025, 0.000135, 0.000195, 0.000335, 0.000275, 3.5e-05, 3e-05, 0.00018, 9.5e-05, 6.5e-05, 0.000305, 0.000195, 0.00019, 0.000245, 6e-05, 5.5e-05, 0.000135, 1e-05, 1e-05, 1e-05, 5e-06, 5e-06, 3.5e-05, 5e-06, 1e-05, 2.5e-05, 0.000285, 8e-05, 0.000135, 0.000235, 0.00028, 0.00017, 0.000165, 7e-05, 3e-05, 3e-05, 9.5e-05, 9.5e-05, 0.00011, 0.00011, 9e-05, 1e-05, 3e-05, 2.5e-05, 9e-05, 0.00026, 0.000135, 4e-05, 5e-05, 9e-05, 5.5e-05, 5e-06, 2.5e-05, 5e-06, 3e-05, 2.5e-05, 2e-05, 2e-05, 1e-05, 1e-05, 1e-05, 1e-05, 2.5e-05, 4e-05, 6e-05, 7.5e-05, 8e-05, 0.00014, 8.5e-05, 2e-05, 5e-06, 5e-06, 5e-06, 5e-06, 1e-05, 4e-05, 5e-06, 5e-06, 3.5e-05, 5e-06], "zero_samples": 98612, "centers": NaN, "burnin": 1000.0, "N": 200000.0, "theta": 0.0002, "seed": 399306240}