{"s": 0.01, "mu": 1e-09, "rho": 2.5, "r": 0.1, "sigma": 10.0, "time_limit": 1000000.0, "L": 100.0, "w": null, "n_side": 1, "sampling_scheme": "uniform", "sampled_p_flattened": [0.0006, 0.00064, 0.00068, 0.00048, 0.00044, 0.00076, 0.00116, 0.00104, 0.00152, 0.00108, 8e-05, 4e-05, 0.00012, 0.00016, 8e-05, 0.00032, 0.00016, 4e-05, 0.00012, 8e-05, 4e-05], "zero_samples": 93902, "centers": NaN, "burnin": 1000.0, "N": 25000.0, "theta": 2.5e-05, "seed": 4140730142}