{"s": 0.001, "mu": 1e-09, "rho": 20.0, "r": 0.1, "sigma": 10.0, "time_limit": 1000000.0, "L": 100.0, "w": null, "n_side": 1, "sampling_scheme": "uniform", "sampled_p_flattened": [5e-06, 5e-06, 1e-05, 5e-06, 5e-06, 1e-05, 2.5e-05, 1.5e-05, 0.00026, 0.000255, 0.000245, 0.00011, 0.00012, 0.000125, 4.5e-05, 2e-05, 5e-06, 1.5e-05, 0.00015, 0.0002, 0.00017, 0.000145, 0.000305, 0.000235, 0.000385, 0.00044, 0.000225, 1e-05, 5e-06, 5e-06, 1.5e-05, 5e-06, 5e-06, 8e-05, 9.5e-05, 0.000135, 0.000205, 0.000185, 0.000175, 0.00083, 0.00084, 0.00112, 0.000895, 0.001145, 0.000555, 0.000825, 0.00067, 0.000725, 0.000915, 0.00077, 0.00071, 0.00054, 0.00017, 5e-05, 4e-05, 3.5e-05, 4.5e-05, 8.5e-05, 0.000125, 0.000115, 8e-05, 5.5e-05, 1.5e-05, 2e-05, 5e-06, 1e-05, 5e-06, 3e-05, 4.5e-05, 0.000135, 9e-05, 0.00015, 0.00024, 0.000165, 0.000135, 4.5e-05, 4.5e-05, 3e-05, 1.5e-05, 5e-06, 5e-06, 4e-05, 0.000125, 0.000105, 8.5e-05, 6.5e-05, 6e-05, 0.000115, 7e-05, 6e-05, 5e-06, 1.5e-05, 5e-06, 2.5e-05, 1e-05, 4.5e-05, 5e-06, 2.5e-05, 4.5e-05, 4.5e-05, 5e-06, 5e-06, 3e-05, 7e-05, 4e-05, 1e-05, 3.5e-05, 1.5e-05, 1.5e-05, 3.5e-05, 3.5e-05, 1.5e-05, 5e-06, 2e-05, 5e-06, 5e-06], "zero_samples": 99807, "centers": NaN, "burnin": 10000.0, "N": 200000.0, "theta": 0.0002, "seed": 1859133858}