{"s": 0.001, "mu": 1e-09, "rho": 2.5, "r": 0.1, "sigma": 10.0, "time_limit": 1000000.0, "L": 100.0, "w": null, "n_side": 1, "sampling_scheme": "uniform", "sampled_p_flattened": [0.0004, 4e-05, 0.00036, 0.00028, 0.00036, 0.00068, 0.00108, 0.0012, 0.00372, 0.00404, 0.00476, 0.00396, 0.00028, 0.00012, 0.00164, 0.00288, 0.00476, 0.00488, 0.00524, 0.0044, 0.0024, 0.00256, 0.00228, 8e-05, 4e-05, 4e-05, 0.00048, 0.00104, 0.0026, 0.00328, 0.008, 0.0126, 0.01568, 0.0154, 0.01104, 0.0118, 0.011], "zero_samples": 95624, "centers": NaN, "burnin": 10000.0, "N": 25000.0, "theta": 2.5e-05, "seed": 1379074268}