{"s": 0.01, "mu": 1e-08, "rho": 20.0, "r": 0.1, "sigma": 10.0, "time_limit": 1000000.0, "L": 100.0, "w": null, "n_side": 1, "sampling_scheme": "uniform", "sampled_p_flattened": [5e-06, 0.000175, 0.000185, 0.000205, 4e-05, 1e-05, 5e-06, 1e-05, 1.5e-05, 1.5e-05, 7e-05, 6.5e-05, 1e-05, 2e-05, 2e-05, 3e-05, 1.5e-05, 3e-05, 5e-06, 5e-06, 2e-05, 2e-05, 2e-05, 5e-06, 5e-06, 3.5e-05, 3.5e-05, 3.5e-05, 6e-05, 3.5e-05, 6.5e-05, 0.000135, 0.00014, 8e-05, 8e-05, 3.5e-05, 3e-05, 3e-05, 7e-05, 3.5e-05, 4e-05, 5e-06, 3e-05, 3.5e-05, 7e-05, 2.5e-05, 5e-06, 5.5e-05, 5e-06, 5e-06, 5e-06, 5e-06, 5e-06, 5e-06, 5e-06, 1e-05, 2.5e-05, 2.5e-05, 9.5e-05, 0.00017, 4e-05, 3e-05, 6e-05, 3.5e-05, 3e-05, 5e-06, 5e-06, 5e-06, 1.5e-05, 3e-05, 5.5e-05, 7.5e-05, 0.00011, 0.000195, 1e-05, 1.5e-05, 1e-05, 1e-05, 2.5e-05, 5e-06, 5e-06, 5e-06, 5e-06, 5e-06, 0.00025, 7.5e-05, 7e-05, 0.000125, 6.5e-05, 6.5e-05, 6e-05, 4e-05, 5e-05, 5e-05, 5e-06, 1.5e-05, 3.5e-05, 0.0001, 7e-05, 2e-05, 2.5e-05, 1e-05, 5e-06, 5e-06, 1e-05, 2e-05, 1e-05, 2e-05, 8e-05, 0.00012, 0.000145, 2e-05, 1.5e-05, 0.00039, 1e-05, 5e-06, 5e-06, 1.5e-05, 1e-05, 5e-06, 5e-06, 5e-06, 5e-06, 5e-06, 5e-06, 1.5e-05, 5e-06, 5e-06, 5e-06, 1e-05, 5e-06, 5e-06, 1.5e-05, 1.5e-05, 0.000145, 9.5e-05, 0.000415, 0.00017, 0.0002, 0.00055, 0.00068, 0.000425, 0.00042, 0.000505, 0.000505, 0.000335, 0.00025, 7e-05, 7e-05, 0.00012, 8e-05, 5.5e-05, 7e-05, 0.000125, 1e-05, 3e-05, 2e-05, 5e-06, 5e-06, 8e-05, 4e-05, 0.000125, 5e-06, 7.5e-05, 0.000135, 0.000245, 3e-05, 0.00013, 3e-05, 7e-05, 4.5e-05, 9e-05, 9e-05, 0.00015, 0.0002, 0.000175, 0.00015, 1e-05, 5e-06, 5e-06, 9.5e-05, 2.5e-05, 5e-06, 5e-06, 5e-06, 5e-06, 5e-06, 1e-05, 5e-06, 8e-05, 1e-05, 5e-06, 5e-06, 1e-05, 7e-05, 8.5e-05, 5.5e-05, 6e-05, 5e-06, 4e-05, 5e-06, 3.5e-05, 5e-06, 5e-06, 5e-06, 5e-06, 4e-05, 2.5e-05, 3.5e-05, 2.5e-05, 2e-05, 2e-05, 5e-06, 5e-06, 5e-06, 4e-05, 7e-05, 2e-05, 5e-06, 0.000125, 7e-05, 6.5e-05, 0.0002, 0.00017, 0.000175, 0.00018, 0.000115, 0.00011, 0.000295, 0.000255, 0.000335, 0.000255, 0.000325, 0.000535, 0.000475, 0.000445, 0.00035, 0.00095, 0.00058, 0.00054, 0.000555, 0.000405, 0.00017, 0.00016, 0.00025, 0.000165, 0.000105, 2.5e-05, 2e-05, 9.5e-05, 0.00015, 9e-05, 1e-05, 1e-05, 2.5e-05, 1e-05, 2.5e-05, 5e-06, 8.5e-05, 2.5e-05, 3.5e-05, 1.5e-05, 1.5e-05, 1e-05, 8.5e-05, 5e-05, 3e-05, 1e-05, 4e-05, 2.5e-05, 6e-05, 5e-06, 5e-06, 2e-05, 6e-05, 8.5e-05, 0.00015, 0.00015, 5e-06, 5e-06, 2.5e-05, 5e-06, 5e-06, 3e-05, 3.5e-05, 5e-05, 8e-05, 0.000135, 0.000155, 7e-05, 0.00029, 0.00033, 0.00022, 8e-05, 0.000125, 3e-05, 1e-05, 1e-05, 2.5e-05, 7.5e-05, 5e-06, 2e-05, 3e-05, 5.5e-05, 5e-06, 5e-05, 0.000115, 7.5e-05, 3.5e-05, 3e-05, 1.5e-05, 2e-05, 5e-06, 1e-05, 3e-05, 9e-05, 2.5e-05, 2e-05, 2e-05, 5e-06, 1.5e-05, 2e-05, 0.000125, 1e-05, 5e-06, 2e-05, 5e-06, 1e-05, 1e-05, 5e-06, 1.5e-05, 1e-05, 2.5e-05, 5e-06, 5e-06, 1e-05, 3.5e-05, 5e-05, 4.5e-05, 0.000105, 0.000105, 0.00016, 0.000165, 0.00027, 0.00033, 0.000335, 0.00037, 0.000365, 0.00022, 5e-06, 1e-05, 1.5e-05, 4.5e-05, 0.00024, 4e-05, 6e-05, 2e-05, 5e-06, 1e-05, 5e-06, 2.5e-05, 3.5e-05, 4.5e-05, 2e-05, 5e-06, 5e-06, 2.5e-05, 1e-05, 5e-06, 1.5e-05, 1.5e-05, 1.5e-05, 7.5e-05, 4.5e-05, 5.5e-05, 4e-05, 5e-06, 3e-05, 3.5e-05, 2e-05, 2e-05, 4e-05, 5e-06, 5e-06, 5e-06, 2.5e-05, 5e-06, 5e-06, 1.5e-05, 5e-06, 1e-05, 5e-06, 1.5e-05, 5e-06, 1e-05, 2e-05, 5e-06, 5e-06, 1.5e-05, 5e-06, 5e-06, 9e-05, 9.5e-05, 0.00012, 9e-05, 0.000345, 5e-05, 3.5e-05, 4.5e-05, 8e-05, 0.000155, 0.000135, 2.5e-05, 5e-06, 3e-05, 0.00024, 0.000195, 2.5e-05, 2e-05, 1e-05, 2e-05, 2.5e-05, 1.5e-05, 1e-05, 5e-06, 0.00011, 0.000155, 2.5e-05, 5e-06, 6e-05, 8.5e-05, 5e-06, 5e-06, 1.5e-05, 3e-05, 2.5e-05, 1e-05, 5e-06, 5e-06, 5e-06, 1e-05, 5e-06, 5e-06, 1e-05, 1e-05, 2e-05, 5e-06, 5e-06, 1e-05, 5e-06, 1e-05, 1.5e-05, 5e-06, 3.5e-05, 2.5e-05, 1e-05, 4.5e-05, 4.5e-05, 5e-06, 5e-06, 5e-06, 2e-05, 2e-05, 5e-06, 2.5e-05, 5e-06, 5e-06, 3e-05, 2e-05, 5e-06, 7.5e-05, 7e-05, 5e-06, 5e-06, 5e-05, 3.5e-05, 5e-06, 0.000335, 0.000715, 0.00065, 0.000645, 5e-06, 1e-05, 3e-05, 5e-06, 5e-06, 1e-05, 8e-05, 5e-06, 7.5e-05, 1e-05, 2e-05, 4e-05, 5e-06, 5e-06, 5e-06, 2.5e-05, 2.5e-05, 5e-06, 2.5e-05, 5e-06, 2e-05, 0.000215, 0.00011, 0.00011, 0.000105, 7e-05, 5e-06, 1e-05, 0.00014, 0.000265, 3.5e-05, 0.000145, 0.000115, 0.000125, 9e-05, 4e-05, 8.5e-05, 0.00012, 0.000105, 4e-05, 0.000105, 4e-05, 3.5e-05, 5e-06, 5e-06, 5e-05, 5e-05, 0.000155, 0.000255, 0.00015, 0.000115, 0.000345, 4e-05, 2.5e-05, 1.5e-05, 7.5e-05, 0.00012, 0.000205, 0.00014, 7.5e-05, 0.0001, 5e-06, 5e-06, 5e-06, 5e-06, 7e-05, 0.00014, 0.000165, 3e-05, 1e-05, 1e-05, 5e-06, 1e-05, 1e-05, 3.5e-05, 5e-06, 4.5e-05, 5e-06, 5e-06, 5e-06, 1e-05, 5e-06, 2e-05, 1.5e-05, 5e-06, 5e-06, 1e-05, 1.5e-05, 1.5e-05, 8e-05, 7e-05, 4e-05, 4e-05, 4.5e-05, 4e-05, 5e-06, 1e-05, 5e-06, 5e-06, 2.5e-05, 5e-06, 5.5e-05, 4.5e-05, 5e-06, 5e-06, 9e-05, 6.5e-05, 5.5e-05, 0.00018, 0.00024, 0.000185, 0.00015, 0.00012, 0.000345, 0.000365, 0.00047, 0.00035, 0.000405, 0.000415, 0.00034, 0.00041, 0.00015, 0.00015, 4.5e-05, 1.5e-05, 1e-05, 2.5e-05, 1e-05, 5e-06, 5e-06, 5e-06, 2e-05, 5e-06, 3.5e-05, 5e-06, 5e-06, 1e-05, 3e-05, 4e-05, 1.5e-05, 5e-06, 5e-06, 4e-05, 6e-05, 1e-05, 5e-06, 1.5e-05, 1.5e-05, 1e-05, 5e-06, 1.5e-05, 5e-06, 1e-05, 3e-05, 5e-06, 2e-05, 5e-05, 8e-05, 6.5e-05, 1e-05, 0.000105, 0.00011, 6e-05, 5e-05, 2e-05, 5e-05, 5e-06, 5e-06, 1e-05, 4.5e-05, 8.5e-05, 5e-06, 5e-06, 5e-06, 5e-06, 1e-05, 1.5e-05, 1e-05, 5e-06, 5e-06, 5e-06, 3.5e-05, 2e-05, 7e-05, 9.5e-05, 5e-06, 0.000205, 0.000385, 0.000395, 0.000425, 5e-06, 2e-05, 1e-05, 1e-05, 5e-06, 5e-06, 4.5e-05, 5e-06, 1.5e-05, 3e-05, 2.5e-05, 2.5e-05, 2e-05, 5e-06, 5e-06, 1.5e-05, 5e-06, 5e-06, 1e-05, 5e-06, 1e-05, 5e-05, 1e-05, 0.0002, 2e-05, 5e-06, 5e-06, 0.000135, 0.000375, 5e-06, 5e-06, 7.5e-05, 5e-06, 4e-05, 3.5e-05, 5e-06, 0.0001, 0.0001, 1e-05, 2.5e-05, 3e-05, 3e-05, 2.5e-05, 3.5e-05, 4e-05, 2e-05, 5e-06, 1e-05, 4e-05, 1.5e-05, 4e-05, 0.000185, 0.000335, 1.5e-05, 1.5e-05, 5e-06, 5e-06, 2.5e-05, 1e-05, 2e-05, 1e-05, 2.5e-05, 2.5e-05, 1.5e-05, 5e-06, 1e-05, 5e-06, 5e-06, 5e-06, 5e-06, 5e-06, 5e-06, 2.5e-05, 5e-06, 5e-06, 0.000205, 0.00036, 0.000335, 0.00032, 0.000205, 0.000185, 0.000195, 0.000135, 0.000135, 0.000125, 0.000145, 0.000185, 0.00036, 3e-05, 3e-05, 2e-05, 5.5e-05, 0.000265, 5e-06, 1e-05, 5e-06, 5e-06, 0.00011, 1.5e-05, 1e-05, 5e-06, 3e-05, 4.5e-05, 3e-05, 3.5e-05, 2.5e-05, 5e-06, 0.000225, 3.5e-05, 3e-05, 1e-05, 5e-06, 1e-05, 2e-05, 1.5e-05, 1e-05, 5e-06, 1e-05, 6.5e-05, 7.5e-05, 8e-05, 5e-06, 2e-05, 5e-06, 1.5e-05, 2e-05, 5e-06, 5e-06, 0.00011, 3e-05, 5e-06, 2.5e-05, 9e-05, 5e-05, 3.5e-05, 5e-06, 2e-05, 1e-05, 5e-06, 2.5e-05, 0.000125, 0.00018, 5e-06, 5e-06, 3e-05, 2e-05, 1e-05, 1.5e-05, 5e-06, 5e-06, 1e-05, 2.5e-05, 0.000145, 0.0001, 5e-06, 5e-06, 5e-06, 2.5e-05, 9e-05, 7e-05, 1.5e-05, 0.00013, 0.00016, 0.00015, 0.00021, 8e-05, 2.5e-05, 5e-05, 0.00021, 9.5e-05, 0.000115, 0.00017], "zero_samples": 99175, "centers": NaN, "burnin": 1000.0, "N": 200000.0, "theta": 0.002, "seed": 3220696620}