{"s": 0.01, "mu": 1e-08, "rho": 20.0, "r": 0.1, "sigma": 10.0, "time_limit": 1000000.0, "L": 100.0, "w": null, "n_side": 1, "sampling_scheme": "uniform", "sampled_p_flattened": [5e-06, 7e-05, 4e-05, 5e-06, 3e-05, 0.00013, 5.5e-05, 7e-05, 0.000135, 0.000145, 0.00071, 0.0003, 0.00026, 0.000225, 0.000315, 0.000235, 0.00023, 0.00025, 0.00044, 0.000525, 0.00053, 0.00055, 0.00035, 0.000445, 0.00013, 0.00015, 0.00018, 0.00017, 0.00011, 3.5e-05, 3.5e-05, 5e-05, 8e-05, 5e-06, 5e-06, 5e-06, 1e-05, 1e-05, 4.5e-05, 2e-05, 8e-05, 2.5e-05, 5e-06, 1e-05, 5e-06, 0.000105, 2.5e-05, 6e-05, 2.5e-05, 2.5e-05, 5e-06, 5e-06, 1e-05, 0.000105, 0.000105, 1e-05, 5e-06, 5e-06, 2.5e-05, 9e-05, 1.5e-05, 1.5e-05, 1.5e-05, 5e-06, 5e-06, 1e-05, 5e-06, 5e-06, 1.5e-05, 1e-05, 5e-06, 5e-06, 5e-06, 5e-05, 0.00012, 0.00012, 0.00028, 5e-06, 1e-05, 5e-06, 0.00011, 0.00011, 3.5e-05, 5e-06, 1e-05, 6.5e-05, 7.5e-05, 1.5e-05, 4.5e-05, 6.5e-05, 3e-05, 5e-06, 1.5e-05, 1e-05, 4.5e-05, 3e-05, 9.5e-05, 0.00012, 0.000135, 5e-06, 7.5e-05, 7.5e-05, 8.5e-05, 3.5e-05, 1e-05, 0.000115, 7e-05, 3.5e-05, 0.00067, 0.00047, 0.000435, 0.00055, 0.00016, 0.00013, 8e-05, 7.5e-05, 4e-05, 5e-06, 5e-06, 1e-05, 5e-06, 1.5e-05, 1e-05, 5e-06, 1e-05, 5e-06, 2e-05, 2e-05, 1.5e-05, 1e-05, 2e-05, 5e-06, 1e-05, 2e-05, 2e-05, 1.5e-05, 1e-05, 5e-06, 5e-05, 0.000205, 0.0002, 0.00036, 0.000975, 0.001045, 0.00085, 0.00106, 0.00123, 0.0003, 5e-06, 5e-06, 2.5e-05, 5e-06, 5.5e-05, 5.5e-05, 6.5e-05, 5e-06, 1.5e-05, 3.5e-05, 7.5e-05, 5e-06, 0.0001, 8e-05, 0.000105, 0.000195, 0.00018, 0.000105, 5e-06, 1e-05, 5e-06, 4e-05, 4.5e-05, 5e-05, 8e-05, 3.5e-05, 2e-05, 1.5e-05, 1e-05, 4e-05, 5e-06, 5e-06, 4e-05, 1e-05, 1e-05, 5e-06, 3.5e-05, 5e-06, 1.5e-05, 3e-05, 6e-05, 5e-06, 1e-05, 1e-05, 1e-05, 1.5e-05, 1e-05, 1.5e-05, 5e-06, 1e-05, 5e-06, 0.000215, 0.000425, 0.00025, 0.000505, 0.00051, 0.001175, 0.00132, 0.001255, 0.001305, 0.001205, 0.001135, 0.001065, 0.00085, 0.00072, 0.000285, 0.000295, 0.000315, 0.000275, 0.00033, 0.00037, 0.000795, 0.00058, 0.00048, 0.000455, 0.0002, 0.000245, 0.000565, 0.00036, 0.00024, 0.00024, 0.000265, 7e-05, 9e-05, 0.000135, 9.5e-05, 1.5e-05, 1.5e-05, 3.5e-05, 7e-05, 5e-06, 5e-06, 5e-06, 5e-05, 4e-05, 1.5e-05, 1e-05, 5e-06, 2e-05, 3e-05, 5e-05, 3e-05, 1e-05, 2.5e-05, 1.5e-05, 3e-05, 4.5e-05, 7e-05, 7e-05, 5e-06, 3e-05, 1.5e-05, 1e-05, 1e-05, 9.5e-05, 5.5e-05, 2e-05, 5e-06, 5e-06, 5.5e-05, 5e-06, 5e-06, 1.5e-05, 5e-06, 2e-05, 5e-06, 1e-05, 1e-05, 2.5e-05, 9e-05, 0.00024, 0.00016, 9.5e-05, 0.000565, 0.00072, 0.000405, 0.000415, 0.000365, 0.00029, 0.00022, 0.000145, 3e-05, 5.5e-05, 0.000235, 0.00035, 0.000835, 0.00052, 0.000135, 0.0001, 0.000125, 3e-05, 5e-06, 5e-06, 5e-06, 2e-05, 1e-05, 5e-06, 5e-05, 1.5e-05, 1e-05, 5e-06, 0.000115, 1e-05, 2.5e-05, 8e-05, 1e-05, 5e-06, 1.5e-05, 1.5e-05, 3.5e-05, 2e-05, 1.5e-05, 5e-06, 1e-05, 1.5e-05, 5e-06, 0.00011, 5e-06, 4.5e-05, 0.0001, 9.5e-05, 0.000215, 0.000155, 0.00012, 4.5e-05, 3e-05, 6.5e-05, 3.5e-05, 5e-06, 5e-06, 5e-06, 2.5e-05, 1e-05, 1e-05, 2.5e-05, 2e-05, 5e-06, 5e-06, 1e-05, 1e-05, 5.5e-05, 5.5e-05, 0.000175, 8e-05, 6.5e-05, 1.5e-05, 5e-06, 5e-06, 5e-06, 1e-05, 1.5e-05, 1.5e-05, 5e-06, 5e-06, 5e-06, 1e-05, 7.5e-05, 4e-05, 1e-05, 5e-06, 5e-06, 1e-05, 5e-05, 0.000145, 0.000145, 0.000145, 0.000145, 5e-05, 1e-05, 5e-06, 5e-06, 5e-06, 1.5e-05, 1.5e-05, 2e-05, 5e-06, 1e-05, 0.000165, 5e-06, 1e-05, 4e-05, 5e-06, 5e-06, 5.5e-05, 5e-06, 3e-05, 3.5e-05, 3e-05, 2.5e-05, 1e-05, 1e-05, 2.5e-05, 0.0002, 0.00023, 0.00029, 0.00026, 0.00018, 1e-05, 2.5e-05, 1e-05, 0.000275, 9.5e-05, 1.5e-05, 3e-05, 2.5e-05, 8e-05, 5e-05, 3e-05, 5e-06, 5e-06, 3e-05, 2e-05, 5e-06, 0.000145, 4e-05, 5e-06, 5e-06, 5e-06, 4.5e-05, 0.0002, 0.000335, 0.00041, 0.000325, 0.000415, 0.00057, 0.00076, 0.00074, 0.000745, 0.00074, 0.000565, 0.000545, 0.000355, 6.5e-05, 5e-06, 4e-05, 5e-06, 5e-06, 1e-05, 1.5e-05, 4.5e-05, 0.00018, 0.000185, 0.000125, 5e-06, 2.5e-05, 3e-05, 2e-05, 1.5e-05, 0.00019, 5e-06, 5e-06, 2e-05, 2.5e-05, 0.00017, 2.5e-05, 1e-05, 2e-05, 4e-05, 4.5e-05, 2.5e-05, 2.5e-05, 1e-05, 4e-05, 0.00011, 6.5e-05, 8e-05, 0.00015, 0.000145, 0.000195, 0.000235, 0.00067, 0.000675, 0.0004, 0.000165, 0.00039, 0.00056, 0.00066, 0.000715, 0.000635, 0.000215, 0.000205, 2e-05, 2.5e-05, 1e-05, 5e-06, 5e-06, 4e-05, 5e-05, 8e-05, 3.5e-05, 8e-05, 0.000195, 0.00026, 0.00025, 0.00024, 2.5e-05, 5e-06, 5e-06, 5e-06, 2.5e-05, 5e-06, 6.5e-05, 7e-05, 0.000135, 3e-05, 1e-05, 5e-06, 5e-06, 1e-05, 5e-06, 5e-06, 3.5e-05, 5e-06, 3e-05, 1e-05, 5e-06, 1e-05, 1.5e-05, 2e-05, 6.5e-05, 0.0001, 5e-06, 5e-06, 1e-05, 0.00013, 9.5e-05, 0.00013, 6.5e-05, 0.0001, 3.5e-05, 5.5e-05, 0.000155, 5e-05, 3.5e-05, 3e-05, 5e-06, 1e-05, 2.5e-05, 1.5e-05, 1.5e-05, 1.5e-05, 8e-05, 7e-05, 6.5e-05, 3.5e-05, 3.5e-05, 1.5e-05, 1e-05, 2.5e-05, 4.5e-05, 5e-06, 2e-05, 5e-06, 1e-05, 3e-05, 4e-05, 5e-06, 2.5e-05, 6e-05, 3.5e-05, 5e-06, 6.5e-05, 5.5e-05, 5e-06, 5e-06, 1e-05, 5e-06, 5e-06, 5e-06, 5e-06, 2.5e-05, 0.0001, 0.0001, 0.000225, 1.5e-05, 2e-05, 5e-06, 5e-06, 5e-06, 1e-05, 4e-05, 5e-06, 3e-05, 5e-06, 1e-05, 0.000225, 0.00017, 0.000125, 8.5e-05, 5e-06, 5e-06, 1.5e-05, 1e-05, 2.5e-05, 1e-05, 7e-05, 1.5e-05, 4e-05, 5.5e-05, 0.00012, 7.5e-05, 8.5e-05, 0.00013, 0.000205, 0.00024, 0.00015, 0.00011, 5e-06, 5e-06, 4.5e-05, 5e-06, 0.000105, 0.00011, 7e-05, 0.00011, 0.0001, 0.0001, 7.5e-05, 8e-05, 6.5e-05, 6e-05, 6.5e-05, 1e-05, 5e-06, 1.5e-05, 2.5e-05, 5e-06, 1e-05, 3.5e-05, 5e-06, 2.5e-05, 9e-05, 0.0001, 9.5e-05, 0.00012, 8.5e-05, 1e-05, 4.5e-05, 1e-05, 5e-06, 1e-05, 5e-06, 3.5e-05, 3e-05, 1e-05, 1.5e-05, 1e-05, 5e-06, 0.000115, 1e-05, 1e-05, 5e-06, 6.5e-05, 5e-06, 5e-06, 1e-05, 3e-05, 3e-05, 5.5e-05, 4e-05, 0.00011, 9e-05, 8.5e-05, 7.5e-05, 0.00012, 0.00018, 0.000135, 0.00019, 0.000245, 0.000215, 0.000165, 0.00023, 0.000275, 0.000275, 0.000295, 0.000205, 9.5e-05, 0.000165, 0.000105, 0.00016, 0.00011, 1e-05, 0.00023, 0.000665, 0.000755, 0.000805, 0.000645, 0.000395, 0.00045, 0.00028, 0.000265, 0.000215, 0.000275, 0.000205, 5.5e-05, 1.5e-05, 1.5e-05, 4e-05, 5e-06, 6e-05, 3.5e-05, 5e-06, 5e-06, 5e-06, 5e-06, 2.5e-05, 5e-06, 3.5e-05, 4e-05, 3e-05, 1e-05, 0.00013, 0.000115, 0.000105, 0.000105, 2e-05, 5e-06, 0.00016, 0.000115, 0.000255, 0.00021, 0.000135, 0.00012, 0.000375, 0.000295, 0.00019, 0.00013, 0.00013, 0.00013, 0.00012, 0.00012, 0.00022, 0.000165, 0.00013, 0.00015, 0.000135, 0.000315, 0.00025, 0.00023, 0.00011, 0.000105, 1.5e-05, 1.5e-05, 1.5e-05, 3.5e-05, 3.5e-05, 5e-06, 1e-05, 1e-05, 5.5e-05, 4.5e-05, 5e-06, 4.5e-05, 1.5e-05, 5e-06, 1.5e-05, 5e-06, 3.5e-05, 1e-05, 1e-05, 2e-05, 1e-05, 1e-05, 5e-06, 3e-05, 2e-05, 3.5e-05, 3.5e-05, 5e-06, 5e-06, 3.5e-05, 5e-05, 5e-06, 5e-06, 5e-06, 5e-06, 5e-06, 5e-06, 3.5e-05, 1.5e-05, 3.5e-05, 5e-06, 5e-05, 0.00014, 0.000115, 0.00022, 0.00014, 0.00049, 0.000625, 0.000515, 0.00039, 0.00028, 0.00026, 0.000155, 8e-05, 1.5e-05, 6e-05, 1e-05, 5e-06, 5e-06, 5e-06, 5e-06, 7e-05, 7.5e-05, 5e-06, 6e-05, 8e-05, 4.5e-05, 0.00015, 0.00011, 1.5e-05, 0.0001, 7.5e-05, 9e-05, 0.000115, 2e-05, 5e-06, 5e-06, 2e-05, 0.0001, 5e-05, 9e-05, 5.5e-05, 1e-05, 2.5e-05, 5e-06, 2e-05, 1e-05, 5e-06, 5e-06, 5e-06, 2.5e-05, 5e-06, 5e-06, 5e-06, 4.5e-05, 5e-06, 5e-06, 1e-05, 2e-05, 2e-05, 2.5e-05, 5e-06, 1.5e-05, 2e-05, 5e-06, 9e-05, 0.00015, 0.000125, 0.000115, 9e-05, 5e-06, 5e-06, 1e-05, 5e-06, 5e-05, 1e-05, 5e-06, 5e-06, 5e-06, 5e-06, 1e-05, 4e-05, 0.00017, 8e-05, 5e-06, 1e-05, 8e-05, 8e-05, 0.00015, 0.00011, 4e-05, 4.5e-05, 6e-05, 4.5e-05, 4e-05, 0.00018, 0.00021, 0.00021, 0.000185, 0.000315, 0.00042, 0.00032, 0.00018, 0.000255, 1.5e-05, 4e-05, 0.00016, 0.000205, 0.00022, 0.00029, 8.5e-05, 5.5e-05, 2.5e-05, 4e-05, 1.5e-05, 5e-06, 5e-06, 5e-06, 2e-05, 1e-05, 1.5e-05, 5e-06, 2e-05, 1.5e-05, 5e-06, 5e-06, 2e-05, 5e-06, 5e-06, 5e-06, 5e-06, 1.5e-05, 5e-06, 2e-05, 5e-06, 3e-05, 2e-05, 5e-06, 5e-06, 3e-05, 5e-06, 5e-06, 5e-06, 8.5e-05, 0.0001, 5e-06, 1e-05, 1e-05, 2e-05, 3.5e-05, 2e-05, 5e-06, 2.5e-05, 3e-05, 5e-06, 5e-06, 5e-06, 5e-06, 5e-06, 1e-05, 5e-06, 0.000125, 5.5e-05, 0.00014, 0.00027, 0.00024, 1e-05, 1e-05, 0.00012, 2.5e-05, 3e-05, 5e-06, 5e-06, 