{"s": 0.001, "mu": 1e-09, "rho": 20.0, "r": 0.1, "sigma": 10.0, "time_limit": 1000000.0, "L": 100.0, "w": null, "n_side": 1, "sampling_scheme": "uniform", "sampled_p_flattened": [5e-06, 1e-05, 5e-06, 1e-05, 5.5e-05, 5e-06, 0.0001, 0.000125, 0.00024, 0.000345, 0.00022, 0.000355, 0.00034, 0.000455, 0.000335, 0.000215, 0.000335, 0.000375, 0.000435, 0.00052, 0.00082, 0.00099, 0.001165, 0.001005, 0.00088, 0.000225, 0.000735, 0.00041, 0.000445, 0.00025, 0.000195, 0.00013, 0.00058, 0.00052, 0.00023, 2e-05, 5e-06, 0.000355, 0.000495, 0.0005, 0.000145, 0.00015, 0.00011, 4e-05, 5.5e-05, 0.0001, 5e-06, 3.5e-05, 4e-05, 5e-06, 2e-05, 2.5e-05, 9.5e-05, 0.000165, 0.000285, 0.000175, 0.00022, 0.000425, 0.00058, 0.000365, 0.000475, 0.00047, 0.001115, 0.00112, 0.001875, 0.00173, 0.001855, 0.00147, 0.00146, 0.001885, 0.001975, 0.001865, 0.00066, 0.00073, 0.000655, 0.000495, 0.00062, 0.001395, 0.00154, 0.00134, 0.001045, 0.000815, 0.000425, 0.00048, 0.000495, 0.000325, 0.00012, 0.00017, 5e-06, 5e-06, 5e-06, 5e-06, 5e-06, 5e-06, 5e-06, 1e-05, 5e-06, 1.5e-05, 6e-05, 5e-06, 3.5e-05, 3e-05, 4e-05, 4e-05, 6e-05, 5e-06, 1.5e-05, 1.5e-05, 2e-05, 1.5e-05, 3.5e-05, 2e-05, 4e-05, 2.5e-05, 5e-06, 4.5e-05, 0.0001, 0.00016, 0.000135, 0.00013, 1.5e-05, 1e-05, 3e-05, 2.5e-05, 2e-05, 3e-05, 0.0001, 0.000125, 8e-05, 2e-05, 5e-06, 2e-05, 1e-05, 3e-05, 1e-05, 2e-05, 0.00022, 0.00022, 0.00015, 0.000365, 0.000425, 0.00078, 0.000805, 0.00069, 0.00093, 0.001825, 0.00113, 0.00147, 0.001605, 0.00107, 0.00096, 0.00106, 0.00081, 0.00145, 0.002075, 0.00178, 0.00193, 0.0021, 0.00176, 0.00167, 0.001315, 0.00048, 0.00073, 0.0005, 0.00048, 0.0005, 0.00053, 0.000695, 0.00076, 0.000745, 0.00073, 0.00041, 0.0001, 0.00014, 0.00016, 0.00015, 0.000215, 0.00018, 0.00028, 6.5e-05, 0.00018, 8.5e-05, 0.00033, 0.000355, 0.00025, 9.5e-05, 5.5e-05, 5e-06, 2e-05, 8e-05, 0.000225, 0.00023, 0.00028, 0.000415, 0.00053, 0.000765, 0.000845, 0.000815, 0.000665, 0.000755, 0.000605, 2.5e-05, 3.5e-05, 3e-05, 1e-05, 1e-05, 5e-06, 5e-06, 2.5e-05, 5e-06, 2.5e-05], "zero_samples": 98556, "centers": NaN, "burnin": 10000.0, "N": 200000.0, "theta": 0.0002, "seed": 3081515793}