{"s": 0.01, "mu": 1e-09, "rho": 2.5, "r": 0.1, "sigma": 20.0, "time_limit": 1000000.0, "L": 100.0, "w": null, "n_side": 1, "sampling_scheme": "uniform", "sampled_p_flattened": [0.00156, 0.0012, 0.00088, 0.001, 0.00028, 0.00084, 0.00068, 0.00152, 0.00088, 8e-05, 4e-05, 0.00012, 0.00012, 0.00016, 0.00024, 4e-05, 0.00132, 0.00024, 8e-05, 0.0002, 0.0002, 0.0002], "zero_samples": 98360, "centers": NaN, "burnin": 1000.0, "N": 25000.0, "theta": 2.5e-05, "seed": 1680358878}