{"s": 0.01, "mu": 1e-09, "rho": 20.0, "r": 0.1, "sigma": 10.0, "time_limit": 1000000.0, "L": 100.0, "w": null, "n_side": 1, "sampling_scheme": "uniform", "sampled_p_flattened": [5e-06, 8.5e-05, 2e-05, 1.5e-05, 5e-06, 5.5e-05, 3.5e-05, 3.5e-05, 0.00015, 0.000265, 0.000295, 0.00032, 0.00029, 0.000175, 0.000185, 0.00031, 3.5e-05, 1.5e-05, 1.5e-05, 3.5e-05, 4.5e-05, 5e-05, 8e-05, 5e-06, 1.5e-05, 1e-05, 5e-06, 1e-05, 3.5e-05, 8e-05, 6.5e-05, 0.00037, 0.000485, 0.000155, 0.00027, 0.0001, 8.5e-05, 0.00016, 0.000135, 2e-05, 5e-06, 5e-06, 1.5e-05, 5e-06, 5e-06, 0.00011, 0.000105, 0.00024, 0.000325, 0.00037, 0.000815, 0.00088, 0.000815, 0.000725, 0.00069, 0.00055, 0.00039, 0.000325, 0.00031, 0.000145, 0.00012, 1e-05, 1e-05, 5e-06, 5e-06, 4.5e-05, 3e-05, 2e-05, 2e-05, 5e-06, 6e-05, 8e-05, 6.5e-05, 6.5e-05, 0.000155, 0.000205, 0.0002, 1e-05, 2.5e-05, 5e-05, 1e-05, 5e-06, 3e-05, 2e-05, 3e-05, 5e-05, 4.5e-05, 0.0001, 5e-06, 0.00018, 6e-05, 2e-05, 0.000155, 0.000165, 0.000285, 0.00035, 0.000305, 0.000165, 0.000635, 0.00062, 0.00042, 0.00053, 0.000455, 0.000395, 0.000305, 0.00106, 0.000695, 0.000605, 0.00053, 0.00043, 0.000145, 4.5e-05, 7.5e-05, 8.5e-05, 4.5e-05, 7e-05], "zero_samples": 99642, "centers": NaN, "burnin": 1000.0, "N": 200000.0, "theta": 0.0002, "seed": 1944356394}