{"s": 0.01, "mu": 1e-09, "rho": 2.5, "r": 0.1, "sigma": 20.0, "time_limit": 1000000.0, "L": 100.0, "w": null, "n_side": 1, "sampling_scheme": "uniform", "sampled_p_flattened": [0.00044, 0.00024, 0.00024, 0.00056, 0.00184, 0.00152, 0.00128, 0.00052, 0.00072, 0.00068, 0.00064, 0.0006, 0.00032, 0.00028, 0.0008, 0.00208, 0.00092, 0.00092, 0.00168, 0.0018, 0.00112, 0.00088, 0.00024, 0.00012, 0.00028, 4e-05, 4e-05], "zero_samples": 95789, "centers": NaN, "burnin": 1000.0, "N": 25000.0, "theta": 2.5e-05, "seed": 2534461372}