{"s": 0.01, "mu": 1e-09, "rho": 20.0, "r": 0.1, "sigma": 10.0, "time_limit": 1000000.0, "L": 100.0, "w": null, "n_side": 1, "sampling_scheme": "uniform", "sampled_p_flattened": [1.5e-05, 2e-05, 6.5e-05, 0.000135, 1.5e-05, 5e-06, 0.00011, 1e-05, 5e-06, 3e-05, 4e-05, 5.5e-05, 0.0001, 1.5e-05, 1e-05, 1e-05, 5.5e-05, 6e-05, 5e-06, 4.5e-05, 1.5e-05, 1.5e-05, 5e-06, 1e-05, 2e-05, 2.5e-05, 5e-06, 1e-05, 1e-05, 5e-06, 0.000145, 0.000155, 0.0001, 1.5e-05, 5e-06, 1e-05, 7e-05, 0.00053, 0.00051, 0.00058, 0.000155, 0.00013, 0.000145, 0.000215, 0.00041, 0.000455, 0.000535, 0.000535, 0.000295, 1e-05, 2.5e-05, 2.5e-05, 1e-05, 5e-05, 7e-05, 3.5e-05, 2.5e-05, 5e-06, 1e-05, 3.5e-05, 1e-05, 5e-06, 5e-06, 5e-06, 5e-06, 5e-06, 1.5e-05, 5e-06, 1e-05, 3e-05, 1e-05, 1e-05, 5e-05, 4e-05, 5e-06, 2e-05, 1.5e-05, 3e-05, 6.5e-05, 5e-06, 5e-06, 1.5e-05, 6.5e-05, 0.000235, 0.000265, 0.00042, 0.000565, 0.00032, 0.00023, 7e-05, 9e-05, 5e-06, 2e-05, 5e-06, 5e-06, 2e-05, 2.5e-05, 7e-05, 6e-05, 2e-05, 5e-06, 5e-06, 4.5e-05, 5e-06, 1e-05], "zero_samples": 99315, "centers": NaN, "burnin": 1000.0, "N": 200000.0, "theta": 0.0002, "seed": 434368344}