{"s": 0.001, "mu": 1e-09, "rho": 2.5, "r": 0.1, "sigma": 10.0, "time_limit": 1000000.0, "L": 100.0, "w": null, "n_side": 1, "sampling_scheme": "uniform", "sampled_p_flattened": [0.00156, 0.00172, 0.00164, 0.00032, 0.00028, 0.00016, 0.0002, 4e-05, 4e-05, 8e-05, 0.00012, 0.00012, 0.00204, 0.00416, 0.00552, 0.00596, 0.00448, 0.01032, 0.0112, 0.0082, 0.00356, 0.00232, 0.004, 0.01088, 0.01088, 0.01156, 0.0052, 0.00444, 0.00312, 0.00336, 0.00364, 0.00384, 0.00568, 0.00412, 0.00476, 0.00548, 0.00496, 0.00644, 0.00676, 0.00908, 0.0096, 0.00908, 0.00832, 0.00928, 0.01116, 0.0114, 0.01312, 0.01396, 0.0116, 0.01292, 0.01648, 0.01444, 0.01212, 0.01132, 0.01096, 0.01016, 0.00928, 0.0126, 0.0102, 0.0094, 0.00672, 0.005, 0.00748, 0.00784, 0.00864, 0.00916, 0.00512, 0.00412, 0.00316, 0.00224, 0.00064, 0.00044, 0.00064, 0.00076, 0.00048, 0.0004, 0.00016, 8e-05, 0.0002, 0.00088, 0.00112, 0.00084, 0.00088, 0.00076, 0.00124, 0.0008], "zero_samples": 101347, "centers": NaN, "burnin": 10000.0, "N": 25000.0, "theta": 2.5e-05, "seed": 4054484705}