{"s": 0.001, "mu": 1e-09, "rho": 2.5, "r": 0.1, "sigma": 10.0, "time_limit": 1000000.0, "L": 1000.0, "w": null, "n_side": 1, "sampling_scheme": "uniform", "sampled_p_flattened": [8e-07, 2.8e-06, 4e-07, 1.56e-05, 7.6e-06, 1.2e-06, 4e-07, 2.8e-06, 4e-07, 4e-07, 4e-07, 8e-07, 8e-07, 8e-07, 2.8e-06, 4e-07, 4.4e-06, 2.8e-06, 1.6e-06, 4e-07, 4e-07, 4e-07, 4e-07, 4e-07, 4e-07, 4e-07, 4e-07, 8e-07, 8e-07, 2e-06, 4e-07, 4e-07, 2e-06, 8e-07, 8e-07, 2.8e-06, 4e-06, 8e-07, 1.12e-05, 4.4e-06, 2.88e-05, 4.24e-05, 4.16e-05, 2.16e-05, 1.88e-05, 2.2e-05, 4e-06, 2e-06, 4e-07, 1.2e-06, 3.6e-06, 4.8e-06, 6.8e-06, 7.6e-06, 2.88e-05, 1.16e-05, 1.04e-05, 2.56e-05, 2.28e-05, 3.6e-06, 4e-07, 8e-07, 1.6e-06, 2e-06, 1.6e-06, 2.4e-06, 2e-06, 2.4e-05, 3.16e-05, 3.92e-05, 4.92e-05, 3.32e-05, 3.16e-05, 2.28e-05, 1.12e-05, 1.28e-05, 2.36e-05, 3.72e-05, 3.2e-05, 1.12e-05, 2.4e-05, 2.16e-05, 3.52e-05, 3.64e-05, 1e-05, 5.2e-06, 4e-07, 4e-07, 1.68e-05, 1.88e-05, 2.08e-05, 3.64e-05, 3.44e-05, 4.8e-05, 4.28e-05, 5.4e-05, 4.2e-05, 3.8e-05, 5.76e-05, 5.52e-05, 5.52e-05, 4.84e-05, 2.36e-05, 2.32e-05, 1.84e-05, 6.36e-05, 6.44e-05, 6.04e-05, 6.64e-05, 7.2e-05, 8.56e-05, 9.64e-05, 9.48e-05, 9.32e-05, 0.0001044, 0.0001092, 0.000154, 0.0001416, 0.000128, 0.0001356, 0.0001032, 0.0001008, 8.44e-05, 9.32e-05, 0.0001, 8.64e-05, 6.8e-05, 5.12e-05, 2e-05, 4.76e-05, 7.12e-05, 9.8e-05, 9.24e-05, 0.000168, 7.76e-05, 6.76e-05, 6.24e-05, 7.92e-05, 8.16e-05, 8.4e-05, 8.56e-05, 8.88e-05, 0.0001048, 0.0001104, 0.000126, 0.0001716, 9.6e-05, 9.08e-05, 8.4e-05, 8.8e-05, 8.64e-05, 6.48e-05, 6.44e-05, 4.8e-05, 3.8e-05, 7.44e-05, 5.76e-05, 2.48e-05, 1.32e-05, 7.2e-06, 4e-07, 8e-07, 6e-06, 1.36e-05, 1.64e-05, 2.32e-05, 3.2e-05, 3.96e-05, 4.12e-05, 6.8e-05, 7.2e-05, 7.32e-05, 6.96e-05, 6.04e-05, 8.12e-05, 5.6e-05, 5.92e-05, 9e-05, 0.000106, 0.0001096, 7.68e-05, 7.56e-05, 9.64e-05, 8.64e-05, 9.96e-05, 6e-05, 8.24e-05, 6.88e-05, 4.8e-05, 2.96e-05, 1.52e-05, 8.4e-06, 6.8e-06, 1.12e-05, 4.8e-06, 1.72e-05, 1.08e-05, 1.8e-05, 1.6e-05, 2.36e-05, 2.88e-05, 3.68e-05, 2.72e-05, 1.2e-05, 1.56e-05, 1.2e-05, 9.6e-06, 2e-06, 4e-07, 4.8e-06, 3.6e-06, 2.48e-05, 4.4e-05, 3.16e-05, 3.44e-05, 4.84e-05, 5.48e-05, 5e-05, 5.6e-05, 7.76e-05, 7.48e-05, 4.4e-05, 4.08e-05, 2.96e-05, 1.2e-05, 4e-07, 8e-07, 1.2e-06, 4e-07, 4e-07, 2e-06, 4e-07, 4e-07, 4e-07, 4e-07, 4e-07, 8e-07, 4e-07, 1.16e-05, 3.6e-06, 5.2e-06, 7.2e-06, 6.4e-06, 2.8e-06, 8e-07, 4e-07, 7.6e-06, 2e-06, 2.4e-06, 4e-07, 2e-06, 4e-07, 4e-07, 4e-07, 4e-07, 4e-07, 8e-07, 4e-07, 4e-07, 4e-07, 4e-07, 1.56e-05, 2.44e-05, 4e-06, 5.6e-06, 1.08e-05, 1.6e-05, 6.8e-06, 2.8e-06, 4.4e-06, 4e-07, 6.8e-06, 4e-07, 4e-07, 2.4e-06, 4e-07, 6e-06, 2e-06, 4e-07, 6e-06, 2.8e-06, 1.2e-06, 1.2e-06, 1.08e-05, 4e-07, 8e-07, 4e-07, 3.6e-06, 4.4e-06, 5.6e-06, 8e-07, 4e-07, 4e-07, 4e-07, 4e-07, 4e-07, 2.8e-06, 6.8e-06, 3.2e-06, 2.4e-06, 5.2e-06, 1.6e-06, 2.76e-05, 3.04e-05, 2.08e-05, 2.2e-05, 3.56e-05, 3.24e-05, 1.96e-05, 1.32e-05, 2e-06, 2e-06, 5.2e-06, 4e-07, 1.2e-06, 3.6e-06, 4.8e-06, 8e-07, 4e-07, 8e-07, 8e-07, 4e-07, 4e-07, 1.6e-06, 4e-07, 2e-06, 4e-07, 4.8e-06, 1.2e-06, 8e-07, 1.2e-06, 4e-06, 4e-06, 4e-07, 1.2e-06, 3.2e-06, 5.6e-06, 2.44e-05, 1.36e-05, 2.04e-05, 1.6e-06, 4e-06, 3.2e-06, 3.6e-06, 7.6e-06, 4e-06, 6.8e-06, 8e-07, 9.2e-06, 1.36e-05, 1.6e-05, 2.32e-05, 2.6e-05, 2.6e-05, 2.48e-05, 3.8e-05, 4.72e-05, 4.92e-05, 4.24e-05, 3.52e-05, 3.32e-05, 3.92e-05, 2.64e-05, 9.6e-06, 1.36e-05, 1.8e-05, 1.88e-05, 1.84e-05, 8.8e-06, 6.4e-06, 1.08e-05, 2.04e-05, 1.92e-05, 1.2e-06, 8e-07, 4e-07, 1.2e-06, 2.8e-06, 3.6e-06, 4e-07, 1.6e-06, 2.4e-06, 4e-07, 4e-07, 4e-07, 8e-07, 4e-06, 8e-07, 2.4e-06, 2e-06, 4e-07, 4e-07, 1.6e-06, 1.6e-06, 2.8e-06, 8e-07, 8e-07, 4e-07, 4e-07, 4e-06, 3.6e-06, 8e-07, 2.4e-06, 8e-07, 4e-07, 6.4e-06, 1.04e-05, 2.08e-05, 2.2e-05, 2.48e-05, 6.4e-06, 2e-06, 1.6e-06, 1.2e-06, 2.8e-06, 2e-06, 7.2e-06, 8e-06, 4.4e-06, 8e-07, 8e-07, 4e-07, 4e-07, 4.8e-06, 1.56e-05, 1.92e-05, 1.6e-05, 1.72e-05, 2.32e-05, 2.64e-05, 1.92e-05, 8.8e-06, 7.2e-06, 8e-07, 1.6e-06, 1.6e-06, 3.2e-06, 4e-07, 8e-07, 1.2e-06, 4e-07, 8e-07, 4e-07, 8e-07, 2e-06, 2e-06, 8e-07, 4e-07, 4e-07, 1.6e-06, 4e-07, 2.8e-06, 2e-06, 8e-07, 1.2e-06, 4e-07, 1e-05, 1.08e-05, 1.68e-05, 3.6e-06, 3.2e-06, 3.6e-06, 1.6e-06, 2.4e-06, 4.4e-06, 3.2e-06, 2e-06, 8e-07, 2e-06, 3.6e-06, 3.2e-06, 6e-06, 1.56e-05, 8.4e-06, 1.44e-05, 1.32e-05, 1.72e-05, 1.64e-05, 1.88e-05, 5.6e-06, 2e-06, 4e-07, 4e-07, 4e-07, 8e-07, 4e-07, 1.64e-05, 1.12e-05, 1.28e-05, 1.48e-05, 1.48e-05, 4.12e-05, 4.4e-05, 7.48e-05, 0.0001168, 8.56e-05, 8.56e-05, 6.4e-05, 6.16e-05, 5.32e-05, 4.28e-05, 7.16e-05, 6.84e-05, 7.36e-05, 7.52e-05, 0.000106, 6.24e-05, 9.36e-05, 6.32e-05, 4.96e-05, 5.2e-05, 6.84e-05, 8.2e-05, 6.52e-05, 4.72e-05, 7.56e-05, 0.0001176, 0.0001248, 0.0001444, 0.0001136, 6.2e-05, 6.48e-05, 5.44e-05, 4.52e-05, 3.76e-05, 3.64e-05, 5.96e-05, 4.88e-05, 1.92e-05, 1.24e-05, 4e-07, 1.2e-06, 2.4e-06, 4e-07, 6e-06, 4e-06, 1.2e-06, 2.08e-05, 2.24e-05, 1.52e-05, 9.6e-06, 6.8e-06, 7.2e-06, 8e-07, 4e-07, 3.2e-06, 4e-07, 3.6e-06, 3.2e-06, 4.4e-06, 9.2e-06, 4e-07, 4e-07, 4e-07, 1.2e-06, 9.2e-06, 9.2e-06, 5.6e-06, 8e-07, 4e-07, 4.4e-06, 1.6e-06, 8e-07, 1.2e-06, 2e-06, 2e-06, 4e-07, 4e-06, 7.6e-06, 8e-06, 1.6e-06, 1.6e-06, 2.8e-06, 2.8e-06, 1.6e-06, 1.6e-06, 2e-06, 4e-07, 5.2e-06, 7.2e-06, 1.2e-06, 1.6e-06, 8e-07, 2e-06, 4e-07, 1.2e-06, 8e-07, 2.4e-06, 3.2e-06, 4e-06, 1.2e-06, 7.2e-06, 1.44e-05, 1.24e-05, 1.2e-05, 4.8e-06, 5.6e-06, 9.6e-06, 1.08e-05, 9.6e-06, 2e-06, 1.16e-05, 7.6e-06, 8e-07, 2.8e-06, 6.8e-06, 8e-07, 2e-06, 4e-07, 1.6e-06, 3.6e-06, 3.6e-06, 8e-07, 8.8e-06, 1.2e-06, 1.2e-06, 4.4e-06, 4.8e-06, 8e-07, 4e-07, 4e-07, 1.2e-06, 3.6e-06, 1e-05, 9.6e-06, 1.04e-05, 4e-07, 1.6e-06, 8e-07, 4e-07, 2.8e-06, 3.6e-06, 3.6e-06, 4.8e-06, 4.8e-06, 4e-07, 4e-07, 4e-07, 2e-06, 2e-06, 8e-07, 1e-05, 1.08e-05, 9.2e-06, 9.2e-06, 1.2e-06, 1.6e-06, 4e-07, 4e-07, 6.8e-06, 7.2e-06, 8e-07, 7.2e-06, 1.72e-05, 3.6e-06, 2e-06, 8e-07, 8e-07, 4e-06, 4.4e-06, 4e-07, 4e-07, 4e-07, 1.2e-06, 4e-07, 4e-07, 1.2e-06, 2.8e-06, 4.4e-06, 2.8e-06, 4.4e-06, 8.8e-06, 9.2e-06, 4.4e-06, 1.84e-05, 1.48e-05, 8.4e-06, 2.32e-05, 8e-07, 3.2e-06, 4e-06, 9.6e-06, 6e-06, 2e-06, 8e-07, 4e-07, 1.6e-06, 1.6e-06, 4e-06, 4.4e-06, 4e-06, 2.8e-06, 4.4e-06, 2.8e-06, 2e-06, 8e-07, 1.6e-06, 4e-07, 4e-07, 1.6e-06, 2.4e-06, 4e-07, 2.4e-06, 8e-07, 4e-07, 1.2e-06, 4e-07, 1.68e-05, 9.6e-06, 8e-07, 3.2e-06, 4e-07, 4e-07, 8e-07, 8e-07, 2e-06, 2e-06, 4.4e-06, 8.8e-06, 5.2e-06, 3.6e-06, 8.8e-06, 1.12e-05, 1.32e-05, 2.8e-05, 2.84e-05, 3.76e-05, 3.28e-05, 1.96e-05, 1.76e-05, 1.88e-05, 8.8e-06, 2.24e-05, 4e-07, 1.2e-06, 8e-07, 4e-07, 1.2e-06, 6.4e-06, 2.4e-06, 4e-07, 1.2e-06, 8e-07, 5.2e-06, 1.4e-05, 1.08e-05, 7.2e-06, 8.4e-06, 6e-06, 9.6e-06, 2.28e-05, 2.44e-05, 4e-05, 3.32e-05, 2.64e-05, 2.4e-06, 2.4e-06, 8e-07, 4e-07, 1.2e-06, 1.6e-06, 4e-07, 4e-07, 1.2e-06, 1.6e-06, 1.2e-06, 4e-07, 2e-06, 2.8e-06, 2.8e-06, 2.44e-05, 1.36e-05, 1.48e-05, 2.08e-05, 1.52e-05, 1.6e-06, 1.32e-05, 1.28e-05, 1.6e-05, 1.44e-05, 1.52e-05, 1.32e-05, 1.04e-05, 1.04e-05, 1.2e-06, 4e-07, 4e-07, 1.2e-06, 4e-07, 1.2e-06, 2.4e-06, 4e-07, 8e-07, 4e-07, 1.6e-06, 1.2e-06, 1.2e-06, 1.2e-06, 6.4e-06, 4.4e-06, 3.2e-06, 3.2e-06, 5.6e-06, 5.6e-06, 5.6e-06, 4e-07, 1.6e-06, 2e-06, 1.2e-06, 4e-07, 4e-07, 8e-07, 4e-07, 1.2e-06, 1.2e-05, 8.8e-06, 2.88e-05, 1.88e-05, 1.48e-05, 1.28e-05, 2.8e-05, 1.92e-05, 2.4e-05, 2.4e-06, 4e-07, 1.88e-05, 2.44e-05, 3.88e-05, 1.16e-05, 9.2e-06, 9.2e-06, 1.56e-05, 2.4e-05, 3.44e-05, 3.72e-05, 5.76e-05, 3.84e-05, 5.56e-05, 3.8e-05, 3.24e-05, 3.92e-05, 3.88e-05, 3.32e-05, 3.48e-05, 3.52e-05, 4.16e-05, 6.32e-05, 7.24e-05, 6.24e-05, 2.84e-05, 3.4e-05, 3.32e-05, 7e-05, 6.64e-05, 7.08e-05, 0.0001044, 0.0001024, 9.68e-05, 0.0001292, 0.0001568, 0.000146, 0.0001476, 0.00015, 0.0001464, 0.0001416, 0.0001516, 0.000164, 0.0001892, 0.0001888, 0.0002164, 0.0001964, 0.000148, 0.0001548, 0.0002036, 0.000176, 0.0002056, 0.0001628, 0.0001672, 0.000178, 0.0001756, 0.0002164, 0.0001792, 0.000216, 0.0001712, 0.000178, 0.000172, 0.0001552, 0.0001592, 0.0001632, 0.0001508, 