{"s": 0.01, "mu": 1e-09, "rho": 20.0, "r": 0.1, "sigma": 10.0, "time_limit": 1000000.0, "L": 100.0, "w": null, "n_side": 1, "sampling_scheme": "uniform", "sampled_p_flattened": [5e-06, 1.5e-05, 5e-06, 2e-05, 1e-05, 5e-06, 5e-06, 5e-06, 2.5e-05, 3.5e-05, 7e-05, 2.5e-05, 3e-05, 3.5e-05, 1.5e-05, 1e-05, 3e-05, 7.5e-05, 0.0001, 4e-05, 3e-05, 1.5e-05, 5e-06, 1e-05, 5e-06, 5e-06, 5e-06, 1.5e-05, 1e-05, 5e-06, 5e-06, 1.5e-05, 1.5e-05, 4.5e-05, 3.5e-05, 2.5e-05, 2.5e-05, 1.5e-05, 5e-06, 5e-06, 5e-06, 2e-05, 5e-06, 5e-06, 5e-06, 5e-06, 5e-06, 5e-06, 1.5e-05, 5e-05, 0.00015, 0.000135, 0.00015, 6e-05, 7e-05, 0.00016, 2.5e-05, 2.5e-05, 3e-05, 5e-05, 0.00017, 0.0001, 0.000135, 0.00011, 0.00021, 0.00022, 5.5e-05, 5e-06, 0.000145, 0.000125, 1e-05, 5e-06, 5e-06, 0.0002, 0.000115, 2e-05, 1e-05], "zero_samples": 100244, "centers": NaN, "burnin": 1000.0, "N": 200000.0, "theta": 0.0002, "seed": 3721069393}