{"s": 0.01, "mu": 1e-09, "rho": 2.5, "r": 0.1, "sigma": 10.0, "time_limit": 1000000.0, "L": 100.0, "w": null, "n_side": 1, "sampling_scheme": "uniform", "sampled_p_flattened": [0.0002, 0.00052, 0.0012, 0.00152, 0.00244, 0.00156, 0.00112, 0.00088, 0.00112, 8e-05], "zero_samples": 83145, "centers": NaN, "burnin": 1000.0, "N": 25000.0, "theta": 2.5e-05, "seed": 1412032913}