{"s": 0.001, "mu": 1e-09, "rho": 20.0, "r": 0.1, "sigma": 10.0, "time_limit": 1000000.0, "L": 100.0, "w": null, "n_side": 1, "sampling_scheme": "uniform", "sampled_p_flattened": [1e-05, 8e-05, 6.5e-05, 8.5e-05, 0.000135, 0.00021, 0.000305, 0.00038, 0.000235, 0.00027, 0.000155, 0.000145, 7.5e-05, 0.00011, 5e-06, 5e-06, 1e-05, 5e-06, 5e-06, 9e-05, 4.5e-05, 5e-05, 5e-06, 2e-05, 4e-05, 1.5e-05, 2.5e-05, 5e-06, 2e-05, 2e-05, 5e-06, 1e-05, 5e-06, 1.5e-05, 2.5e-05, 6e-05, 1e-05, 1.5e-05, 5e-06, 1e-05, 2.5e-05, 2.5e-05, 9.5e-05, 3.5e-05, 5e-06, 2e-05, 4.5e-05, 1.5e-05, 0.00017, 4e-05, 1.5e-05, 4.5e-05, 5e-06, 1e-05, 1e-05, 1e-05, 1e-05, 3.5e-05, 6.5e-05, 5e-05, 5e-05, 1e-05, 5e-06, 3e-05, 0.000185, 5.5e-05, 0.000175, 0.000265, 0.000245, 0.00022, 0.00017, 0.00011, 0.000165, 0.000165, 9e-05, 0.00037, 0.000555, 0.00036, 0.000465, 0.00058, 0.000535, 0.00039, 0.00041, 0.0002, 0.000315, 0.00063, 0.000505, 0.00058, 0.00057, 0.000635, 0.000625, 0.000455, 0.00058, 0.00058, 0.000465, 0.000585, 0.001085, 0.001155, 0.00086, 0.000875, 0.00096, 0.000895, 0.0014, 0.00137, 0.00162, 0.001625, 0.00258, 0.0026, 0.00251, 0.00264, 0.00267, 0.00237, 0.001405, 0.0014, 0.00145, 0.00146, 0.001155, 0.000405, 0.00048, 9e-05, 3.5e-05, 3.5e-05, 4e-05, 1e-05, 2.5e-05, 3e-05, 5e-06, 2.5e-05, 5e-05, 6.5e-05, 2e-05, 2e-05, 4e-05, 1e-05, 5e-06, 1e-05, 2e-05], "zero_samples": 100254, "centers": NaN, "burnin": 10000.0, "N": 200000.0, "theta": 0.0002, "seed": 3240963847}