{"s": 0.01, "mu": 1e-08, "rho": 20.0, "r": 0.1, "sigma": 10.0, "time_limit": 1000000.0, "L": 100.0, "w": null, "n_side": 1, "sampling_scheme": "uniform", "sampled_p_flattened": [5e-06, 1e-05, 2e-05, 5e-06, 2.5e-05, 5e-06, 5e-06, 5e-06, 5e-06, 2.5e-05, 7.5e-05, 6e-05, 0.00011, 0.000175, 3e-05, 4.5e-05, 5.5e-05, 5e-05, 4.5e-05, 8.5e-05, 0.000215, 6.5e-05, 0.00014, 0.000255, 0.000145, 1.5e-05, 2.5e-05, 5e-06, 0.000135, 0.000185, 0.000145, 0.000135, 0.00023, 0.000225, 0.0002, 0.00028, 5e-06, 5e-06, 1e-05, 2e-05, 2e-05, 5e-06, 1e-05, 5e-06, 7.5e-05, 0.000355, 0.000385, 0.00014, 0.000225, 0.00013, 0.00037, 3e-05, 6e-05, 5e-06, 1.5e-05, 7e-05, 4e-05, 1e-05, 2.5e-05, 5e-06, 2e-05, 3.5e-05, 3.5e-05, 3e-05, 1e-05, 1.5e-05, 0.000185, 3.5e-05, 5e-06, 5e-06, 3e-05, 4e-05, 8.5e-05, 1e-05, 2e-05, 2e-05, 1e-05, 3e-05, 5e-06, 5e-06, 3e-05, 7.5e-05, 3e-05, 4e-05, 4.5e-05, 5e-06, 0.000185, 0.00018, 1.5e-05, 5e-05, 5e-05, 5e-06, 5e-06, 2e-05, 5e-06, 6e-05, 5.5e-05, 4e-05, 3e-05, 5e-06, 1.5e-05, 5e-06, 5e-06, 4e-05, 6e-05, 9e-05, 6e-05, 5e-06, 3.5e-05, 5e-06, 5e-06, 2.5e-05, 3e-05, 2e-05, 5e-05, 6.5e-05, 2e-05, 3.5e-05, 5e-06, 5e-06, 2e-05, 1.5e-05, 4e-05, 1e-05, 2.5e-05, 5e-06, 5e-05, 5.5e-05, 5e-06, 8.5e-05, 4.5e-05, 3.5e-05, 5.5e-05, 5e-05, 0.000235, 0.000135, 0.00018, 0.00023, 1e-05, 1e-05, 5e-05, 2.5e-05, 1.5e-05, 1.5e-05, 5.5e-05, 2e-05, 5e-06, 1e-05, 5e-06, 2e-05, 3.5e-05, 0.0001, 0.0002, 0.00017, 0.000135, 0.00012, 3e-05, 1.5e-05, 5e-06, 5e-06, 2.5e-05, 9e-05, 9e-05, 7.5e-05, 9e-05, 5e-06, 1.5e-05, 1.5e-05, 5e-06, 2.5e-05, 3e-05, 2e-05, 1e-05, 0.00011, 5e-06, 5e-06, 2e-05, 3e-05, 5e-06, 5e-06, 5e-06, 0.000135, 0.00016, 0.00025, 0.000265, 0.000135, 0.000265, 0.000195, 5e-06, 5.5e-05, 3e-05, 5.5e-05, 2.5e-05, 1e-05, 5e-06, 1e-05, 5e-05, 0.00015, 4e-05, 1e-05, 5e-06, 5e-06, 1e-05, 4e-05, 1e-05, 5e-06, 1.5e-05, 1.5e-05, 5e-06, 6.5e-05, 1e-05, 1.5e-05, 0.000225, 0.000355, 0.000325, 0.00029, 0.000345, 0.00051, 0.000545, 0.000395, 0.0003, 0.0003, 9.5e-05, 0.000245, 0.00024, 0.0003, 0.000195, 8e-05, 0.00015, 0.00016, 0.00012, 0.000255, 0.000255, 0.000335, 5e-06, 5e-06, 7.5e-05, 8e-05, 4.5e-05, 0.000115, 0.000105, 3e-05, 5.5e-05, 5e-06, 1e-05, 1e-05, 1e-05, 1.5e-05, 5e-06, 2e-05, 0.00011, 5.5e-05, 9e-05, 1e-05, 5e-06, 2e-05, 3e-05, 0.000155, 0.00014, 9.5e-05, 7.5e-05, 5e-05, 1.5e-05, 0.00015, 0.0001, 6.5e-05, 5e-06, 1.5e-05, 3e-05, 1e-05, 1e-05, 5e-06, 5e-06, 0.000155, 9e-05, 7.5e-05, 3e-05, 5e-06, 5e-06, 3e-05, 7e-05, 7e-05, 1e-05, 1.5e-05, 1.5e-05, 5e-06, 5e-06, 1e-05, 5e-06, 1e-05, 1e-05, 1e-05, 0.0001, 0.000455, 0.00034, 0.000405, 0.00039, 0.000245, 0.000185, 0.000185, 6.5e-05, 5e-06, 1e-05, 5e-06, 5e-06, 5e-06, 1e-05, 3.5e-05, 8e-05, 7.5e-05, 0.000315, 9.5e-05, 6.5e-05, 6e-05, 5e-05, 6.5e-05, 0.00013, 0.0002, 0.00023, 0.00032, 0.000425, 0.00062, 0.00083, 0.000825, 0.000545, 0.00085, 0.00082, 0.000375, 0.000615, 0.00062, 0.000735, 0.000735, 0.000555, 0.000745, 0.000705, 0.00068, 0.000865, 0.00069, 0.000605, 0.00063, 0.00029, 0.000205, 0.0002, 0.000115, 0.00054, 0.000345, 0.000455, 0.000365, 0.000515, 0.00057, 0.000555, 0.00034, 0.000515, 0.000625, 0.00066, 0.00057, 0.000495, 0.00051, 0.000205, 0.00019, 0.00043, 0.0004, 0.000355, 0.000115, 0.000155, 2.5e-05, 2e-05, 2e-05, 1e-05, 5e-06, 3e-05, 1.5e-05, 1.5e-05, 5e-06, 5e-06, 5e-06, 1e-05, 5e-06, 5e-06, 5e-06, 5e-06, 0.00011, 0.00013, 9e-05, 0.00022, 0.000215, 0.0002, 0.0003, 0.000175, 0.000195, 1.5e-05, 2.5e-05, 1e-05, 1.5e-05, 1.5e-05, 2.5e-05, 5e-06, 1e-05, 5e-06, 1e-05, 7e-05, 0.000125, 2e-05, 1e-05, 5e-06, 2e-05, 5e-06, 5e-06, 1e-05, 1e-05, 5e-06, 5e-06, 1e-05, 1.5e-05, 1.5e-05, 1e-05, 5e-06, 5e-06, 1e-05, 5e-06, 5e-06, 5e-06, 9.5e-05, 0.00014, 0.00014, 7.5e-05, 6.5e-05, 4e-05, 1.5e-05, 2e-05, 5e-06, 1e-05, 1e-05, 5e-06, 5e-06, 2.5e-05, 5e-06, 5e-06, 8.5e-05, 7e-05, 8e-05, 0.0002, 1e-05, 1e-05, 2e-05, 4e-05, 2.5e-05, 9e-05, 5e-05, 2.5e-05, 1.5e-05, 5e-06, 5e-06, 1e-05, 5e-06, 3e-05, 1e-05, 1.5e-05, 1.5e-05, 5e-06, 1.5e-05, 5e-06, 5e-05, 0.000115, 8e-05, 3e-05, 4.5e-05, 1e-05, 5e-06, 5e-06, 5e-06, 2e-05, 1.5e-05, 1.5e-05, 2.5e-05, 3.5e-05, 0.00011, 1e-05, 5.5e-05, 2.5e-05, 7.5e-05, 2.5e-05, 5e-06, 1e-05, 5e-06, 5e-06, 5e-06, 5e-06, 1.5e-05, 5e-06, 2e-05, 3e-05, 5e-06, 5e-06, 5e-06, 4.5e-05, 5e-06, 5e-06, 5e-06, 5e-05, 5e-06, 1e-05, 5e-06, 5e-06, 2.5e-05, 5e-06, 2e-05, 5e-06, 5e-06, 5e-06, 6.5e-05, 9e-05, 5e-06, 1.5e-05, 5e-06, 1.5e-05, 1e-05, 1e-05, 5e-06, 1e-05, 9e-05, 7e-05, 2.5e-05, 5.5e-05, 6.5e-05, 0.000165, 0.000155, 0.000145, 0.000155, 0.000155, 1e-05, 5.5e-05, 0.000155, 5e-05, 0.00013, 0.000175, 0.00017, 3e-05, 5e-06, 1e-05, 1e-05, 5.5e-05, 5.5e-05, 6e-05, 7e-05, 0.00021, 0.00011, 8e-05, 5e-06, 5e-06, 1e-05, 4e-05, 1e-05, 2e-05, 1e-05, 2e-05, 5e-06, 1.5e-05, 1.5e-05, 5e-06, 5e-06, 3e-05, 6e-05, 6e-05, 1e-05, 0.00048, 0.000455, 0.00049, 0.000535, 0.00058, 0.000185, 6.5e-05, 0.000215, 0.00018, 0.00019, 0.00023, 0.00019, 0.00055, 0.000265, 8.5e-05, 7e-05, 5.5e-05, 4.5e-05, 2.5e-05, 5e-06, 3e-05, 0.0001, 8e-05, 3.5e-05, 5e-05, 4e-05, 5e-05, 6.5e-05, 8e-05, 2.5e-05, 1.5e-05, 3e-05, 4e-05, 0.000255, 1.5e-05, 3.5e-05, 5e-06, 5e-06, 3e-05, 5e-06, 5e-05, 2.5e-05, 4.5e-05, 0.0002, 0.00036, 0.000155, 0.0002, 0.00015, 5e-06, 5e-06, 5e-06, 1e-05, 5e-06, 5e-06, 5e-06, 2.5e-05, 1.5e-05, 5e-06, 1.5e-05, 5e-06, 5e-06, 1.5e-05, 2.5e-05, 5e-06, 5e-06, 5e-06, 0.0001, 2.5e-05, 1.5e-05, 1e-05, 2.5e-05, 2e-05, 5e-06, 1e-05, 5e-06, 5e-06, 2e-05, 5e-06, 0.00015, 6e-05, 2.5e-05, 2e-05, 8e-05, 4.5e-05, 3e-05, 5e-06, 5e-06, 2.5e-05, 5e-06, 5e-06, 5e-05, 4.5e-05, 6e-05, 2e-05, 5e-06, 1e-05, 1e-05, 5e-06, 5e-06, 1.5e-05, 5e-06, 3e-05, 5e-06, 5e-06, 5e-06, 5e-06, 5e-06, 5e-06, 1e-05, 2.5e-05, 5e-06, 5e-06, 2e-05, 6e-05, 4.5e-05, 0.000125, 7.5e-05, 3.5e-05, 3.5e-05, 2e-05, 2.5e-05, 2e-05, 5e-05, 0.000175, 0.000575, 0.000655, 0.000545, 0.000415, 0.000435, 0.00048, 0.00051, 0.000425, 0.000445, 1.5e-05, 1e-05, 2e-05, 0.000265, 0.000245, 0.000285, 0.000385, 0.00036, 0.00052, 0.000455, 0.00059, 0.00042, 0.000465, 0.000145, 0.000105, 3.5e-05, 2e-05, 2e-05, 1.5e-05, 1.5e-05, 2e-05, 5e-06, 1.5e-05, 2.5e-05, 7e-05, 6.5e-05, 5e-06, 5e-06, 5e-06, 1e-05, 3.5e-05, 1.5e-05, 1.5e-05, 3e-05, 4e-05, 3e-05, 3.5e-05, 1.5e-05, 3e-05, 5e-06, 1.5e-05, 5e-06, 5e-06, 1.5e-05, 0.000125, 0.000175, 0.00032, 0.000345, 0.00025, 0.000275, 0.00056, 0.000555, 0.0006, 0.00081, 0.000855, 0.000525, 0.00051, 0.00037, 0.000305, 0.000185, 0.00018, 0.000305, 0.000185, 0.00021, 0.000255, 0.000135, 7e-05, 0.000125, 0.00032, 0.00029, 3.5e-05, 5e-06, 1.5e-05, 1e-05, 1e-05, 5.5e-05, 7e-05, 3e-05, 3e-05, 1e-05, 1.5e-05, 2.5e-05, 5e-06, 5e-06, 3.5e-05, 3e-05, 5.5e-05, 0.000165, 0.00044, 0.000555, 0.00055, 0.00055, 0.00045, 0.000525, 0.00026, 0.00024, 0.000175, 8e-05, 2e-05, 4e-05, 3e-05, 4.5e-05, 1.5e-05, 1e-05, 9e-05, 3.5e-05, 3.5e-05, 5e-06, 5e-06, 5e-06, 5e-06, 3.5e-05, 5e-05, 2e-05, 1e-05, 6e-05, 5.5e-05, 7.5e-05, 6.5e-05, 5e-06, 5e-06, 5e-06, 1e-05, 1.5e-05, 5e-06, 5e-05, 5e-06, 5e-06, 1.5e-05, 3e-05, 0.00016, 0.000185, 3.5e-05, 1.5e-05, 5e-06, 2.5e-05, 7.5e-05, 0.000145, 0.00021, 0.000215, 0.000215, 0.00012, 0.00016, 8.5e-05, 0.00064, 0.000635, 0.000695, 0.000775, 0.000415, 0.000345, 0.00029, 0.00019, 0.00024, 1.5e-05, 1e-05, 4e-05, 1.5e-05, 2.5e-05, 5e-06, 1e-05, 5e-06, 2.5e-05, 5e-06, 5e-06, 4.5e-05, 4.5e-05, 4.5e-05, 8e-05, 5e-06, 1.5e-05, 5e-06, 2.5e-05, 1.5e-05, 5e-06, 5e-06, 5e-06, 1.5e-05, 3e-05, 5e-06, 5e-06, 5e-06, 0.000335, 0.000445, 0.000315, 0.00031, 0.00038, 0.000265, 9.5e-05, 5e-06, 5e-06, 5e-06, 5e-06, 4.5e-05, 1e-05, 0.00011, 8e-05, 6e-05, 1e-05, 1e-05, 5e-06, 1.5e-05, 5e-06, 2e-05, 5e-06, 5e-06, 1.5e-05, 1e-05, 1e-05, 5e-06, 5e-06, 2.5e-05, 5e-06, 5e-06, 3e-05, 5e-05, 5e-05, 2e-05, 5e-06, 5e-06, 3e-05, 1.5e-05, 0.00011, 8.5e-05, 0.00012, 3.5e-05, 5e-06, 5e-06, 5e-06, 2e-05, 1.5e-05, 2.5e-05, 5e-06, 5e-06, 1.5e-05, 1e-05, 1e-05, 0.00014, 4e-05, 2.5e-05, 5e-06, 4.5e-05, 4e-05, 0.0001, 5e-06, 2.5e-05, 1.5e-05, 5e-06, 2e-05, 5.5e-05, 6e-05, 0.000115, 3e-05, 2.5e-05, 9e-05, 4.5e-05, 5e-05, 5.5e-05, 4e-05, 2e-05, 5e-05, 9.5e-05, 9.5e-05, 0.000135, 0.00016, 0.00014, 