{"s": 0.01, "mu": 1e-08, "rho": 20.0, "r": 0.1, "sigma": 10.0, "time_limit": 1000000.0, "L": 100.0, "w": null, "n_side": 1, "sampling_scheme": "uniform", "sampled_p_flattened": [5e-06, 5e-06, 3e-05, 5e-06, 5e-06, 5e-06, 3e-05, 3.5e-05, 0.00014, 6e-05, 7e-05, 0.0001, 0.000375, 0.000375, 1e-05, 1e-05, 1e-05, 1e-05, 6e-05, 0.00018, 0.00045, 0.00076, 0.00098, 0.001065, 0.00064, 0.000715, 0.00143, 0.001375, 0.00091, 0.000585, 0.000565, 0.00046, 0.000445, 0.000385, 0.00021, 0.00012, 1.5e-05, 2.5e-05, 5e-06, 5e-06, 1e-05, 5e-06, 1.5e-05, 2.5e-05, 3.5e-05, 5e-06, 1.5e-05, 5e-06, 3.5e-05, 1e-05, 7e-05, 3.5e-05, 2.5e-05, 8e-05, 0.00038, 0.00042, 0.000215, 0.000215, 0.00021, 0.000125, 0.00013, 5e-06, 1e-05, 5e-06, 5e-06, 5e-06, 3e-05, 1.5e-05, 0.000165, 0.00016, 5e-06, 4e-05, 1e-05, 1.5e-05, 5e-06, 5e-06, 4e-05, 0.000175, 0.000305, 0.00037, 0.000295, 0.00027, 0.000315, 0.000285, 0.000355, 0.000455, 0.000315, 0.000305, 0.000575, 0.000315, 0.00046, 0.00034, 0.00026, 0.000185, 7e-05, 8.5e-05, 0.000125, 0.00017, 0.00046, 0.000175, 0.00023, 0.000225, 0.000215, 0.000215, 0.00018, 0.000225, 1.5e-05, 5e-05, 7e-05, 4e-05, 3e-05, 9.5e-05, 6e-05, 6e-05, 2e-05, 5e-05, 7e-05, 5e-06, 2.5e-05, 0.000135, 0.000145, 0.000165, 0.00019, 0.0002, 0.00014, 0.00012, 0.000105, 0.00015, 9e-05, 5e-06, 2e-05, 5e-06, 1e-05, 5e-06, 1.5e-05, 1e-05, 1.5e-05, 2e-05, 2.5e-05, 5e-06, 3e-05, 5e-06, 5e-06, 5e-06, 5e-06, 6.5e-05, 2.5e-05, 3e-05, 2e-05, 3.5e-05, 1.5e-05, 6.5e-05, 0.00013, 0.000115, 1e-05, 1.5e-05, 0.000205, 0.00027, 0.000325, 0.000315, 0.00033, 0.000885, 0.000855, 0.000965, 0.000805, 0.001125, 0.001025, 0.001125, 0.001075, 0.00108, 0.00128, 0.00069, 0.00073, 0.000635, 0.000495, 0.00055, 0.00058, 0.00054, 0.00055, 0.000725, 0.000245, 0.000175, 0.00028, 0.00026, 0.00027, 0.00029, 0.000205, 0.000245, 0.00112, 0.00107, 0.001095, 0.000805, 0.000795, 0.000705, 0.00081, 0.000795, 0.001165, 0.00087, 0.00084, 0.000425, 0.000625, 0.000775, 0.000625, 0.000285, 0.00018, 0.000165, 0.00036, 0.000835, 0.00054, 0.000695, 0.00053, 0.000105, 0.000385, 0.00028, 0.000445, 9.5e-05, 5.5e-05, 5e-06, 0.000105, 8e-05, 5.5e-05, 3.5e-05, 1e-05, 5e-06, 5e-06, 0.00012, 0.000255, 9e-05, 0.000195, 0.000245, 0.000215, 5.5e-05, 9.5e-05, 9e-05, 0.00013, 3.5e-05, 5e-06, 5e-06, 2.5e-05, 4e-05, 3e-05, 4e-05, 2.5e-05, 3.5e-05, 1e-05, 5e-06, 5e-06, 4.5e-05, 0.0002, 0.00019, 0.00012, 0.000145, 3.5e-05, 5e-06, 0.000275, 0.000235, 1e-05, 2e-05, 0.0002, 0.00021, 0.000105, 0.00016, 0.000115, 9.5e-05, 5e-06, 1e-05, 4e-05, 2e-05, 2.5e-05, 3e-05, 1.5e-05, 5e-06, 5e-06, 2e-05, 1.5e-05, 1e-05, 4.5e-05, 5e-05, 5e-06, 0.00028, 0.00111, 0.000975, 0.001115, 0.000905, 0.000825, 0.00129, 0.00135, 0.001345, 0.000985, 0.000395, 0.00043, 0.000525, 0.000475, 0.00043, 0.000405, 0.00036, 0.000135, 0.000115, 1e-05, 7.5e-05, 9e-05, 6e-05, 7.5e-05, 6e-05, 2.5e-05, 1.5e-05, 1e-05, 5e-06, 5e-06, 2.5e-05, 5e-06, 3e-05, 1e-05, 1.5e-05, 1e-05, 1e-05, 1e-05, 1e-05, 1e-05, 7e-05, 1.5e-05, 1.5e-05, 5.5e-05, 4e-05, 2.5e-05, 0.000115, 0.000125, 0.0002, 0.00016, 6e-05, 2.5e-05, 5e-06, 4.5e-05, 5e-06, 5e-06, 2e-05, 2e-05, 5e-06, 5e-06, 0.00014, 0.000185, 0.000165, 0.00012, 1.5e-05, 5e-05, 3.5e-05, 4e-05, 0.000255, 0.000705, 0.000715, 0.000515, 0.00046, 0.00048, 0.000655, 0.000425, 0.00048, 0.00028, 0.00012, 5e-06, 5e-06, 2e-05, 0.00046, 0.000325, 0.000365, 0.000205, 5.5e-05, 5e-06, 5e-06, 5e-06, 7e-05, 0.000115, 0.000195, 0.00048, 0.00026, 3.5e-05, 8e-05, 9e-05, 5.5e-05, 1e-05, 5e-06, 5e-06, 1.5e-05, 5e-06, 5e-06, 2e-05, 1.5e-05, 0.000235, 0.000315, 0.000375, 0.00052, 0.00057, 0.00035, 0.00027, 5e-06, 2e-05, 5e-06, 5e-06, 5e-06, 5e-06, 6.5e-05, 0.00014, 0.0001, 0.0001, 1e-05, 1e-05, 5e-06, 1e-05, 2e-05, 1.5e-05, 0.000105, 0.000145, 0.000125, 7e-05, 0.0001, 8e-05, 5.5e-05, 1e-05, 6e-05, 2.5e-05, 5e-06, 5e-06, 5e-06, 7e-05, 5e-06, 1e-05, 6e-05, 5e-06, 1.5e-05, 6.5e-05, 0.000145, 0.00011, 5.5e-05, 0.00049, 0.00041, 0.000365, 0.000395, 0.000895, 0.0009, 0.000605, 0.00053, 0.000305, 0.00035, 0.00038, 0.0001, 5e-05, 5e-06, 5e-06, 5e-06, 1e-05, 1e-05, 0.000255, 0.00035, 0.000565, 0.00045, 0.000485, 0.00058, 0.000405, 0.000245, 0.000265, 0.00021, 0.00036, 0.000325, 0.000215, 0.000195, 0.00017, 0.00019, 0.000165, 0.00018, 4e-05, 5e-05, 1e-05, 1.5e-05, 1.5e-05, 2e-05, 5e-06, 5e-06, 5e-06, 1e-05, 1.5e-05, 1.5e-05, 2e-05, 5e-06, 1e-05, 5e-06, 3.5e-05, 8e-05, 8.5e-05, 9e-05, 0.000105, 0.000135, 3e-05, 0.000185, 0.000445, 0.000405, 0.00043, 0.00063, 0.00099, 0.00097, 0.000605, 0.0005, 0.000185, 0.000345, 0.00027, 5.5e-05, 6.5e-05, 0.000105, 4e-05, 9.5e-05, 5e-06, 5e-06, 5e-06, 1.5e-05, 1.5e-05, 5e-06, 1.5e-05, 5.5e-05, 1e-05, 4.5e-05, 4e-05, 0.00029, 0.00014, 0.00014, 0.000105, 3.5e-05, 3e-05, 8e-05, 0.000225, 0.00031, 6.5e-05, 0.00037, 0.00038, 0.000505, 0.000615, 0.00086, 0.000715, 0.000495, 0.000305, 0.0003, 0.0003, 0.00036, 0.000245, 0.000345, 5e-06, 5e-06, 3e-05, 9e-05, 0.0003, 0.000145, 0.00014, 9.5e-05, 9.5e-05, 1.5e-05, 1e-05, 2.5e-05, 5e-06, 3.5e-05, 4.5e-05, 5.5e-05, 2.5e-05, 0.00024, 0.00013, 0.00016, 0.00031, 0.000215, 0.00021, 1.5e-05, 0.00034, 0.00048, 0.00025, 0.00011, 0.000165, 0.000165, 0.000205, 0.00029, 0.000175, 0.000345, 0.000275, 0.000125, 7.5e-05, 5e-06, 1e-05, 5e-06, 2.5e-05, 3.5e-05, 1e-05, 5e-06, 3e-05, 5.5e-05, 5e-06, 5e-06, 5e-06, 2.5e-05, 5e-06, 1.5e-05, 3.5e-05, 5e-06, 5e-06, 1e-05, 5e-06, 2e-05, 1.5e-05, 3e-05, 5e-06, 5e-06, 1e-05, 1e-05, 5e-06, 1e-05, 2.5e-05, 5e-06, 5e-06, 2e-05, 8e-05, 0.000125, 8.5e-05, 0.000225, 3.5e-05, 0.00013, 3e-05, 1.5e-05, 5e-06, 1e-05, 1e-05, 5e-06, 5e-06, 5e-06, 5e-06, 1e-05, 1e-05, 5e-06, 1.5e-05, 2.5e-05, 5e-06, 1e-05, 1e-05, 5e-06, 8.5e-05, 8.5e-05, 0.00016, 0.000135, 8e-05, 9.5e-05, 5e-06, 5e-06, 1.5e-05, 1e-05, 5e-06, 0.00012, 0.000285, 0.000235, 1e-05, 2e-05, 9.5e-05, 5e-06, 5e-06, 7e-05, 9.5e-05, 7.5e-05, 5e-06, 1.5e-05, 1e-05, 1.5e-05, 6.5e-05, 0.0001, 0.00014, 0.00012, 0.00016, 0.00014, 5e-06, 1e-05, 2e-05, 5e-06, 1.5e-05, 1e-05, 3.5e-05, 0.0001, 5e-06, 5e-06, 2.5e-05, 1e-05, 3e-05, 3.5e-05, 7e-05, 4e-05, 2.5e-05, 4.5e-05, 3e-05, 5e-06, 2e-05, 1e-05, 4e-05, 0.000185, 6.5e-05, 4e-05, 2.5e-05, 1e-05, 2.5e-05, 1.5e-05, 0.000285, 0.00018, 0.000235, 0.00049, 0.00067, 0.00061, 0.000585, 0.0003, 0.000305, 0.00021, 0.000175, 0.000395, 0.00021, 5e-06, 5e-05, 5e-06, 5.5e-05, 1e-05, 5e-06, 5e-06, 1.5e-05, 5e-06, 1.5e-05, 1.5e-05, 1e-05, 7.5e-05, 5e-05, 9.5e-05, 9.5e-05, 2.5e-05, 1e-05, 1e-05, 5e-06, 1.5e-05, 5e-06, 5e-06, 1e-05, 1e-05, 4e-05, 7.5e-05, 0.00013, 1.5e-05, 5e-06, 4.5e-05, 1e-05, 5e-06, 1.5e-05, 1e-05, 1.5e-05, 1.5e-05, 2.5e-05, 3.5e-05, 5e-06, 2e-05, 5e-06, 2.5e-05, 1.5e-05, 2e-05, 5e-06, 5e-06, 1.5e-05, 7.5e-05, 6.5e-05, 3.5e-05, 3.5e-05, 2e-05, 5e-06, 0.00017, 0.0003, 0.00028, 2e-05, 5e-06, 1.5e-05, 2.5e-05, 3e-05, 5e-05, 5e-06, 1e-05, 5e-06, 1.5e-05, 5.5e-05, 1.5e-05, 2e-05, 3e-05, 4e-05, 2.5e-05, 1.5e-05, 3.5e-05, 7e-05, 6.5e-05, 0.000105, 1e-05, 2e-05, 1e-05, 2.5e-05, 2.5e-05, 2e-05, 2e-05, 1.5e-05, 0.00044, 0.000395, 0.000195, 0.000295, 3e-05, 5e-06, 5e-06, 1e-05, 1e-05, 5e-06, 5e-06, 5e-06, 5e-06, 1.5e-05, 1e-05, 5e-06, 5e-06, 5e-06, 0.00017, 0.000125, 0.000455, 0.000405, 0.00037, 0.00023, 9.5e-05, 8.5e-05, 1e-05, 1.5e-05, 5e-06, 2.5e-05, 0.000215, 0.000225, 4.5e-05, 0.000105, 0.000135, 5e-06, 1.5e-05, 3.5e-05, 0.00014, 2.5e-05, 4e-05, 1.5e-05, 5e-06, 1e-05, 3.5e-05, 3.5e-05, 8e-05, 7e-05, 7.5e-05, 1.5e-05, 1e-05, 1e-05, 1.5e-05, 5e-06, 1.5e-05, 5e-06, 2.5e-05, 3.5e-05, 9e-05, 8.5e-05, 0.0001, 4.5e-05, 5.5e-05, 0.000235, 0.000175, 9.5e-05, 5e-06, 1e-05, 5e-06, 3.5e-05, 5e-06, 5e-06, 1.5e-05, 8e-05, 7.5e-05, 5e-06, 5e-06, 5e-06, 5e-06, 5e-06, 6e-05, 3e-05, 2.5e-05, 1.5e-05, 5e-06, 1.5e-05, 9.5e-05, 0.000115, 5.5e-05, 5e-06, 2.5e-05, 5e-06, 1e-05, 5e-06, 3e-05, 0.00016, 0.000235, 0.000275, 0.000375, 0.000245, 0.00012, 2e-05, 0.000195, 0.0002, 8e-05, 0.000105, 5e-06, 7e-05, 3.5e-05, 0.000115, 7.5e-05, 0.000175, 0.000215, 0.00022, 0.00023, 0.0001, 0.00011, 0.000285, 3e-05, 5e-05, 1e-05, 2e-05, 2.5e-05, 1.5e-05, 1.5e-05, 5e-06, 4e-05, 5e-06, 3e-05, 3.5e-05, 5e-05, 6e-05, 7.5e-05, 3.5e-05, 1e-05, 