{"s": 0.01, "mu": 1e-09, "rho": 20.0, "r": 0.1, "sigma": 10.0, "time_limit": 1000000.0, "L": 100.0, "w": null, "n_side": 1, "sampling_scheme": "uniform", "sampled_p_flattened": [5e-06, 5e-06, 1.5e-05, 2e-05, 2.5e-05, 1e-05, 5e-06, 2e-05, 6.5e-05, 1.5e-05, 1e-05, 1e-05, 5e-06, 2e-05, 1e-05, 1e-05, 5e-06, 1e-05, 1e-05, 1e-05, 5e-05, 2e-05, 2.5e-05, 3e-05, 1e-05, 1e-05, 1.5e-05, 5e-06, 4e-05, 5e-06, 1.5e-05, 2e-05, 1.5e-05, 4e-05, 1.5e-05, 0.000135, 2.5e-05, 2e-05, 5e-06, 9.5e-05, 7.5e-05, 0.000105, 0.0001, 0.000105, 0.00011, 0.000105, 0.00011, 0.00017, 1e-05, 5.5e-05, 2.5e-05, 8.5e-05, 1e-05, 1.5e-05, 1e-05, 5e-05, 1.5e-05, 1e-05, 4e-05, 1e-05, 3e-05, 7e-05, 0.00011, 0.000125, 0.000155, 0.000145, 0.00027, 0.000255, 9.5e-05, 0.00012, 7.5e-05, 2e-05, 5e-06, 5e-06, 5e-06, 0.00012, 1.5e-05, 5e-05, 1e-05, 2e-05, 2e-05, 7e-05, 2.5e-05, 2e-05, 2e-05, 3.5e-05, 3.5e-05, 4e-05, 2.5e-05, 2e-05, 0.000105, 0.000135, 5e-06, 1e-05, 0.000415, 0.00034, 0.00057, 0.000525, 0.00016, 0.00022, 0.000205, 0.000185, 0.00013, 0.000205, 5e-05, 1.5e-05, 2e-05, 0.0001, 6.5e-05, 5e-06, 3e-05, 0.000125, 7e-05, 1.5e-05, 2e-05], "zero_samples": 100547, "centers": NaN, "burnin": 1000.0, "N": 200000.0, "theta": 0.0002, "seed": 2327499217}