{"s": 0.1, "mu": 1e-08, "rho": 20.0, "r": 0.1, "sigma": 10.0, "time_limit": 1000000.0, "L": 100.0, "w": null, "n_side": 1, "sampling_scheme": "uniform", "sampled_p_flattened": [4.5e-05, 5e-05, 3e-05, 1e-05, 5e-06, 5e-06, 1e-05, 1e-05, 1e-05, 1.5e-05, 5e-06, 5e-06, 1e-05, 1e-05, 5e-06, 5e-06, 5e-06, 1.5e-05, 5e-06, 1.5e-05, 1.5e-05, 1e-05, 5e-06, 1e-05, 5e-06, 5e-06, 5e-06, 2e-05, 5e-06, 5e-06, 1e-05, 8.5e-05, 3e-05, 5e-06, 1e-05, 1.5e-05, 2.5e-05, 5e-06, 1e-05, 5e-06, 5e-06, 5e-06, 1e-05, 4.5e-05, 2e-05, 0.00014, 5e-06, 1.5e-05, 5e-06, 5e-06, 1.5e-05, 3.5e-05, 5e-06, 5e-05, 6e-05, 5e-06, 5e-06, 1e-05, 5e-06, 5e-06, 1e-05, 5e-06, 5e-06, 1e-05, 1e-05, 1e-05, 5e-06, 1.5e-05, 4e-05, 1e-05, 3e-05, 1.5e-05, 5.5e-05, 3e-05, 6e-05, 5e-06, 1e-05, 5e-06, 1e-05, 5e-06, 5e-06, 5e-06, 2e-05, 5e-06, 5e-06, 5e-06, 1e-05, 1e-05, 5e-06, 5e-06, 5e-06, 3e-05, 5e-06, 1e-05, 1e-05, 1.5e-05, 5e-06, 5e-06, 1e-05, 1e-05, 5e-06, 3e-05, 3.5e-05, 2.5e-05, 1.5e-05, 1e-05, 3.5e-05, 5e-06, 5e-06, 1e-05, 0.00014, 0.000195, 0.000145, 9e-05, 1e-05, 5e-06, 5e-06, 5e-06, 3.5e-05, 5e-06, 1e-05, 5e-06, 1.5e-05, 2e-05, 2.5e-05, 1e-05, 1e-05, 1e-05, 1.5e-05, 1e-05, 2.5e-05, 0.000145, 5e-06, 5e-06, 2.5e-05, 5e-06, 1e-05, 2e-05, 2.5e-05, 5e-06, 1.5e-05, 5e-06, 5e-06, 5e-06, 5e-06, 5e-06, 5e-06, 2e-05, 4e-05, 5e-05, 2.5e-05, 3.5e-05, 5e-06, 1.5e-05, 2.5e-05, 5e-06, 1.5e-05, 3e-05, 5e-06, 1.5e-05, 5e-06, 1e-05, 5e-06, 2.5e-05, 3e-05, 2e-05, 5e-06, 1e-05, 5e-06, 5e-06, 3.5e-05, 5e-06, 5e-06, 5e-05, 0.000145, 5e-06, 1e-05, 5e-06, 5e-06, 5e-06, 1e-05, 1e-05, 1e-05, 4e-05, 5e-06, 5e-06, 2.5e-05, 1e-05, 5e-06, 1.5e-05, 1e-05, 2e-05, 1e-05, 1e-05, 5e-06, 1.5e-05, 1e-05, 2e-05, 1.5e-05, 5e-06, 2.5e-05, 5e-06, 2e-05, 4e-05, 4e-05, 2e-05, 5e-06, 1e-05, 5e-06, 1e-05, 7.5e-05, 1e-05, 5e-06, 5e-06, 5e-06, 5e-06, 4.5e-05, 1e-05, 4e-05, 4e-05, 8e-05, 8.5e-05, 5e-06, 1e-05, 5e-06, 5e-06, 2e-05, 5e-06, 5e-06, 2.5e-05, 5e-06, 5e-06, 5e-06, 2e-05, 3.5e-05, 3.5e-05, 9e-05, 1.5e-05, 3e-05, 1.5e-05, 5e-06, 1e-05, 7.5e-05, 3.5e-05, 5e-06, 5e-06, 1.5e-05, 5e-06, 1e-05, 5e-06, 5e-06, 5e-06, 3e-05, 9e-05, 4.5e-05, 5e-05, 1.5e-05, 2.5e-05, 2e-05, 1e-05, 5e-06, 1.5e-05, 5e-06, 2.5e-05, 1.5e-05, 1.5e-05, 5.5e-05, 5e-05, 1.5e-05, 5e-06, 5e-06, 2.5e-05, 8.5e-05, 5e-05, 5e-06, 1.5e-05, 5e-06, 5e-06, 1e-05, 5e-06, 1e-05, 1.5e-05, 5.5e-05, 0.00019, 0.00018, 2.5e-05, 3.5e-05, 1e-05, 1.5e-05, 5e-06, 5e-06, 5e-06, 1e-05, 5e-06, 1e-05, 2.5e-05, 1e-05, 5e-06, 5e-06, 2.5e-05, 2.5e-05, 5e-06, 5e-06, 5e-06, 6.5e-05, 7e-05, 0.00013, 1e-05, 2e-05, 5e-06, 5e-06, 5e-06, 5e-06, 5e-06, 1e-05, 6.5e-05, 7e-05, 7.5e-05, 5e-06, 5e-06, 5e-06, 1.5e-05, 1.5e-05, 4e-05, 1e-05, 1e-05, 1e-05, 1.5e-05, 1.5e-05, 5e-06, 1e-05, 7.5e-05, 5.5e-05, 8e-05, 4.5e-05, 1e-05, 5e-06, 5e-06, 1e-05, 1e-05, 3e-05, 3.5e-05, 5.5e-05, 2.5e-05, 1e-05, 5e-06, 5e-06, 5e-06, 4e-05, 5e-06, 1e-05, 5e-06, 3e-05, 5e-06, 5e-06, 5e-06, 5e-06, 1e-05, 3e-05, 2.5e-05, 5e-06, 1.5e-05, 5e-06, 5e-06, 5e-06, 0.00013, 2e-05, 3e-05, 2.5e-05, 4e-05, 1e-05, 1e-05, 1e-05, 1.5e-05, 2.5e-05, 5e-06, 1e-05, 5e-06, 5e-06, 4e-05, 6.5e-05, 6.5e-05, 2e-05, 2e-05, 5e-06, 5e-06, 5e-06, 5e-06, 5e-06, 5e-06, 5e-06, 5e-06, 5e-06, 1e-05, 5e-06, 1e-05, 5e-06, 5e-06, 5e-06, 1.5e-05, 1e-05, 4e-05, 3.5e-05, 5e-06, 3e-05, 1e-05, 5e-06, 3.5e-05, 2.5e-05, 5e-06, 1e-05, 5e-06, 1e-05, 3e-05, 3.5e-05, 5e-06, 5e-06, 3e-05, 1.5e-05, 2e-05, 1e-05, 2e-05, 5e-06, 4e-05, 2.5e-05, 5e-06, 4e-05, 3e-05, 1e-05, 5e-06, 5e-06, 5e-06, 5e-06, 5e-06, 5e-06, 3e-05, 3.5e-05, 5e-06, 5e-06, 1e-05, 5e-06, 5e-06, 1e-05, 8e-05, 1e-05], "zero_samples": 99549, "centers": NaN, "burnin": 100.0, "N": 200000.0, "theta": 0.002, "seed": 2116768520}