{"s": 0.1, "mu": 1e-09, "rho": 20.0, "r": 0.1, "sigma": 20.0, "time_limit": 1000000.0, "L": 100.0, "w": null, "n_side": 1, "sampling_scheme": "uniform", "sampled_p_flattened": [1e-05, 5e-06, 5e-06, 5e-06, 5e-06, 1.5e-05, 2e-05, 2e-05, 2e-05, 5e-06, 1.5e-05, 1e-05, 3.5e-05, 1e-05, 1e-05, 2e-05, 2.5e-05, 5e-05, 2e-05, 5e-06, 5e-06, 1e-05, 2e-05, 5e-06, 7e-05, 0.000155, 0.00015, 0.000105, 0.000125, 3.5e-05, 4e-05, 4e-05, 3e-05, 2.5e-05, 5e-06, 5e-06, 5e-06, 1e-05, 5e-05, 5e-05, 1.5e-05, 5e-06, 4.5e-05, 4e-05, 5e-06, 3e-05, 1e-05, 5e-06, 5e-06, 5e-06, 5e-06, 2e-05, 5.5e-05, 5e-05, 5e-06], "zero_samples": 99285, "centers": NaN, "burnin": 100.0, "N": 200000.0, "theta": 0.0002, "seed": 2517729196}