{"s": 0.1, "mu": 1e-09, "rho": 2.5, "r": 0.1, "sigma": 10.0, "time_limit": 1000000.0, "L": 100.0, "w": null, "n_side": 1, "sampling_scheme": "uniform", "sampled_p_flattened": [8e-05, 8e-05, 0.00016, 0.00056, 0.00024, 0.00012, 0.00016, 0.00016, 0.00048, 0.00032, 4e-05, 8e-05, 4e-05, 0.00024], "zero_samples": 99424, "centers": NaN, "burnin": 100.0, "N": 25000.0, "theta": 2.5e-05, "seed": 3422932828}