seed	segsites	monosites	ac_mean	ac_sd	seg_ac_mean	seg_ac_sd	singletons
1	2816437	20710853	24.81761237898335	371.9252107297772	223.39817645724037	1095.8165040075908	1526857
