seed	segsites	monosites	ac_mean	ac_sd	seg_ac_mean	seg_ac_sd	singletons
1	2886887	20654245	24.822916145827133	372.0286902484166	218.027936376842	1083.298731749927	1596064
