seed	segsites	monosites	ac_mean	ac_sd	seg_ac_mean	seg_ac_sd	singletons
1	3803928	19915699	25.128727420602324	372.7478272322892	167.20760833128168	949.0849288183799	2230647
