seed	segsites	monosites	ac_mean	ac_sd	seg_ac_mean	seg_ac_sd	singletons
1	2607597	20875662	24.797001476019084	371.88868657909535	241.07368551777756	1136.842202433266	1373127
