seed	segsites	monosites	ac_mean	ac_sd	seg_ac_mean	seg_ac_sd	singletons
1	3146020	20447275	24.806222220710488	371.77946786745525	199.89006857961115	1038.646977037563	1856680
