iter	segsites	monosites	ac_mean	ac_sd	seg_ac_mean	seg_ac_sd	singletons
[]	310726	196874	78.73287038480728	3337.637265298735	128.78951177367009	4268.000922876215	158836
