iter	segsites	monosites	ac_mean	ac_sd	seg_ac_mean	seg_ac_sd	singletons
[]	3145611	20448550	24.808244315833694	371.81473837452904	199.95081481337076	1038.8571686285045	1856406
