iter	segsites	monosites	ac_mean	ac_sd	seg_ac_mean	seg_ac_sd	singletons
[]	781507	21088111	2.366419726090656	36.58084724075715	73.64964278781558	190.7806898527806	414974
