iter	segsites	monosites	ac_mean	ac_sd	seg_ac_mean	seg_ac_sd	singletons
[]	7390666	16849760	124.02288024214953	1858.844278468222	418.3993811740277	3396.1040665093583	3807633
[]	15639720	8601241	744.1711460661758	11153.141680678607	1131.4206949331829	13736.282587408914	6593132
[]	10112818	14292580	248.05357444731484	3717.7102020845373	600.8756535123621	5767.873336721436	4829726
