iter	segsites	monosites	ac_mean	ac_sd	seg_ac_mean	seg_ac_sd	singletons
[]	851933	22226442	2.4797935425157176	37.17711319948806	73.41948810219158	188.97812130242508	452036
