iter	segsites	monosites	ac_mean	ac_sd	seg_ac_mean	seg_ac_sd	singletons
[]	9602235	13397647	236.72838256939355	3658.3761304520444	571.3104224336704	5666.44090689342	4550798
