iter	segsites	monosites	ac_mean	ac_sd	seg_ac_mean	seg_ac_sd	singletons
[]	6968955	15864086	118.35943979025706	1829.1665527161222	399.16793887567536	3342.425899852691	3583297
