iter	segsites	monosites	ac_mean	ac_sd	seg_ac_mean	seg_ac_sd	singletons
[]	16156	490049	0.7878492578271173	33.39881383251826	24.773916773916774	185.69345541679235	12023
