iter	segsites	monosites	ac_mean	ac_sd	seg_ac_mean	seg_ac_sd	singletons
[]	1445066	20565796	7.098960490078555	109.73051022296407	119.06159156964323	434.29702721350594	855078
