iter	segsites	monosites	ac_mean	ac_sd	seg_ac_mean	seg_ac_sd	singletons
[]	77424	226379	16.561429712850785	640.6764728339015	64.94339863931658	1267.4564919429242	47282
