iter	segsites	monosites	ac_mean	ac_sd	seg_ac_mean	seg_ac_sd	singletons
[]	207865	95938	99.34868491855137	3843.366129015433	145.20046710040276	4645.663275506105	102909
