iter	segsites	monosites	ac_mean	ac_sd	seg_ac_mean	seg_ac_sd	singletons
[]	26974	276829	3.3161119898250364	128.22869747115632	37.35895363362481	428.9157361140691	19037
