iter	segsites	monosites	ac_mean	ac_sd	seg_ac_mean	seg_ac_sd	singletons
[]	14924264	7943411	710.1889622095638	10975.083425320845	1071.880855530415	13468.851314630001	6219756
