iter	segsites	monosites	ac_mean	ac_sd	seg_ac_mean	seg_ac_sd	singletons
[]	38914	467480	2.6273036983909193	111.36867821766357	34.2811586094652	400.9357261952278	27589
