iter	segsites	monosites	ac_mean	ac_sd	seg_ac_mean	seg_ac_sd	singletons
[]	11197	292606	0.9959169696870872	38.52137936669246	27.022652862578532	198.89672961708794	8313
