iter	segsites	monosites	ac_mean	ac_sd	seg_ac_mean	seg_ac_sd	singletons
[]	4915	298888	0.3327767541213495	12.897339412657738	20.42862862862863	98.99948261874908	3532
