iter	segsites	monosites	ac_mean	ac_sd	seg_ac_mean	seg_ac_sd	singletons
[]	2941969	19353968	23.674280178575344	365.86725493367277	193.3695480984668	1029.8223258261387	1738428
