iter	segsites	monosites	ac_mean	ac_sd	seg_ac_mean	seg_ac_sd	singletons
[]	113230	393616	13.122902893850567	556.3085933511716	58.864911176388304	1177.0840323266386	70027
