iter	segsites	monosites	ac_mean	ac_sd	seg_ac_mean	seg_ac_sd	singletons
[]	7390666	16849760	124.02288024214953	1858.844278468222	418.3993811740277	3396.1040665093583	3807633
