iter	segsites	monosites	ac_mean	ac_sd	seg_ac_mean	seg_ac_sd	singletons
0	10156324	14292580	248.05357444731484	3717.7102020845373	600.8756535123621	5767.873336721436	4829726
