iter	segsites	monosites	ac_mean	ac_sd	seg_ac_mean	seg_ac_sd	singletons
[]	116382	187421	33.12706964306097	1281.6566281707378	86.42977843577701	2069.084984401963	65675
