iter	segsites	monosites	ac_mean	ac_sd	seg_ac_mean	seg_ac_sd	singletons
[]	15723727	8601241	744.1711460661758	11153.141680678607	1131.4206949331829	13736.282587408914	6593132
