iter	segsites	monosites	ac_mean	ac_sd	seg_ac_mean	seg_ac_sd	singletons
[]	171393	335703	26.253116424472996	1112.806991723603	77.81765925857458	1914.8333539697844	98470
