iter	segsites	monosites	ac_mean	ac_sd	seg_ac_mean	seg_ac_sd	singletons
[]	1559650	21691725	7.438094633401721	111.5044417239008	120.9392494391164	434.0861403043894	920700
