iter	segsites	monosites	ac_mean	ac_sd	seg_ac_mean	seg_ac_sd	singletons
[]	7123	498998	0.26351814893351627	11.184672897193487	18.706142778085223	92.38592619580396	5143
